{"periodicna":[{"dan":6,"semestar":"zimski","pocetak":"12:12","kraj":"12:12","naziv":"0-03","predavac":"Himzo"},{"dan":6,"semestar":"ljetni","pocetak":"13:13","kraj":"13:13","naziv":"0-02","predavac":"Himzo"},{"dan":6,"semestar":"ljetni","pocetak":"03:33","kraj":"03:33","naziv":"0-02","predavac":"Himzo"},{"dan":6,"semestar":"ljetni","pocetak":"01:01","kraj":"01:01","naziv":"2-01","predavac":"Himzo"}],"vanredna":[{"datum":"01.03.2019","pocetak":"12:00","kraj":"13:00","naziv":"string","predavac":"Husko"}]}