{
    "periodicna": [
        {
            "dan": "1",
            "semestar": "zimski",
            "pocetak": "12:00",
            "kraj": "15:00",
            "naziv": "0-01",
            "predavac": "V. prof. dr Vensada Okanovic"
        },
        {
            "dan": "3",
            "semestar": "ljetni",
            "pocetak": "09:00",
            "kraj": "12:00",
            "naziv": "0-03",
            "predavac": "V. prof. dr Vensada Okanovic"
        },
        {
            "dan": "0",
            "semestar": "zimski",
            "pocetak": "09:00",
            "kraj": "12:00",
            "naziv": "VA1",
            "predavac": "V. prof. dr Vensada Okanovic"
        },
        {
            "dan": "4",
            "semestar": "zimski",
            "pocetak": "09:00",
            "kraj": "12:00",
            "naziv": "0-01",
            "predavac": "V. prof. dr Vensada Okanovic"
        },
        {
            "dan": "3",
            "semestar": "ljetni",
            "pocetak": "09:00",
            "kraj": "12:00",
            "naziv": "0-01",
            "predavac": "V. prof. dr Vensada Okanovic"
        }
    ],
    "vanredna": [
        {
            "datum": "21.11.2020",
            "pocetak": "12:00",
            "kraj": "15:00",
            "naziv": "0-01",
            "predavac": "V. prof. dr Vensada Okanovic"
        },
        {
            "datum": "25.12.2019",
            "pocetak": "12:00",
            "kraj": "15:00",
            "naziv": "EE1",
            "predavac": "V. prof. dr Vensada Okanovic"
        },
        {
            "datum": "12.03.2019",
            "pocetak": "12:00",
            "kraj": "15:00",
            "naziv": "EE2",
            "predavac": "V. prof. dr Vensada Okanovic"
        },
        {
            "datum": "3.12.2019",
            "pocetak": "09:00",
            "kraj": "12:00",
            "naziv": "0-01",
            "predavac": "V. prof. dr Vensada Okanovic"
        },
        {
            "datum": "11.12.2019",
            "pocetak": "09:00",
            "kraj": "12:00",
            "naziv": "0-01",
            "predavac": "V. prof. dr Vensada Okanovic"
        },
        {
            "datum": "1.12.2019",
            "pocetak": "09:00",
            "kraj": "12:00",
            "naziv": "0-01",
            "predavac": "V. prof. dr Vensada Okanovic"
        },
        {
            "datum": "5.12.2019",
            "pocetak": "09:00",
            "kraj": "12:00",
            "naziv": "0-01",
            "predavac": "V. prof. dr Vensada Okanovic"
        },
        {
            "datum": "09.12.2019",
            "pocetak": "09:00",
            "kraj": "12:00",
            "naziv": "0-01",
            "predavac": "V. prof. dr Vensada Okanovic"
        },
        {
            "datum": "13.8.2019",
            "pocetak": "09:00",
            "kraj": "12:00",
            "naziv": "0-01",
            "predavac": "V. prof. dr Vensada Okanovic"
        },
        {
            "datum": "1.8.2019",
            "pocetak": "12:00",
            "kraj": "16:00",
            "naziv": "MA",
            "predavac": "V. prof. dr Vensada Okanovic"
        },
        {
            "datum": "15.9.2019",
            "pocetak": "09:00",
            "kraj": "12:00",
            "naziv": "0-01",
            "predavac": "V. prof. dr Vensada Okanovic"
        },
        {
            "datum": "14.9.2019",
            "pocetak": "09:00",
            "kraj": "12:00",
            "naziv": "0-01",
            "predavac": "V. prof. dr Vensada Okanovic"
        },
        {
            "datum": "23.1.2019",
            "pocetak": "12:00",
            "kraj": "15:00",
            "naziv": "VA1",
            "predavac": "V. prof. dr Vensada Okanovic"
        },
        {
            "datum": "24.1.2019",
            "pocetak": "12:00",
            "kraj": "15:00",
            "naziv": "VA1",
            "predavac": "V. prof. dr Vensada Okanovic"
        },
        {
            "datum": "31.8.2019",
            "pocetak": "09:00",
            "kraj": "13:00",
            "naziv": "MA",
            "predavac": "V. prof. dr Vensada Okanovic"
        },
        {
            "datum": "18.12.2019",
            "pocetak": "10:00",
            "kraj": "13:00",
            "naziv": "0-01",
            "predavac": "V. prof. dr Vensada Okanovic"
        },
        {
            "datum": "3.6.2019",
            "pocetak": "10:00",
            "kraj": "13:00",
            "naziv": "0-01",
            "predavac": "V. prof. dr Vensada Okanovic"
        }
    ]
}