{
  "testId" : "1-pocetna.gspec",
  "name" : "pocetna.gspec",
  "report" : {
    "nodes" : [ {
      "name" : "Simple check",
      "status" : "info",
      "nodes" : [ {
        "name" : "check  pocetna.gspec --url http://localhost/pocetna.html --size 1024x768 --htmlreport reports/pocetna",
        "status" : "info",
        "nodes" : [ {
          "name" : "Check layout: pocetna.gspec included tags: ",
          "status" : "info",
          "time" : 1573659605647,
          "sections" : [ {
            "name" : "testovi",
            "place" : {
              "filePath" : "pocetna.gspec",
              "lineNumber" : 7
            },
            "objects" : [ {
              "name" : "meni",
              "specs" : [ {
                "status" : "info",
                "place" : {
                  "filePath" : "pocetna.gspec",
                  "lineNumber" : 10
                },
                "name" : "inside viewport 8px left right",
                "meta" : [ {
                  "from" : {
                    "object" : "meni",
                    "edge" : "left"
                  },
                  "to" : {
                    "object" : "viewport",
                    "edge" : "left"
                  },
                  "expectedDistance" : "8px",
                  "realDistance" : "8px"
                }, {
                  "from" : {
                    "object" : "meni",
                    "edge" : "right"
                  },
                  "to" : {
                    "object" : "viewport",
                    "edge" : "right"
                  },
                  "expectedDistance" : "8px",
                  "realDistance" : "8px"
                } ],
                "highlight" : [ "meni", "viewport" ]
              }, {
                "status" : "info",
                "place" : {
                  "filePath" : "pocetna.gspec",
                  "lineNumber" : 11
                },
                "name" : "below logo",
                "meta" : [ {
                  "from" : {
                    "object" : "meni",
                    "edge" : "top"
                  },
                  "to" : {
                    "object" : "logo",
                    "edge" : "bottom"
                  },
                  "expectedDistance" : ">= 0px",
                  "realDistance" : "66px"
                } ],
                "highlight" : [ "meni", "logo" ]
              }, {
                "status" : "info",
                "place" : {
                  "filePath" : "pocetna.gspec",
                  "lineNumber" : 12
                },
                "name" : "height 32px",
                "meta" : [ {
                  "from" : {
                    "object" : "meni",
                    "edge" : "top"
                  },
                  "to" : {
                    "object" : "meni",
                    "edge" : "bottom"
                  },
                  "expectedDistance" : "32px",
                  "realDistance" : "32px"
                } ],
                "highlight" : [ "meni" ]
              }, {
                "status" : "info",
                "place" : {
                  "filePath" : "pocetna.gspec",
                  "lineNumber" : 13
                },
                "name" : "centered horizontally inside viewport 1px",
                "highlight" : [ "meni", "viewport" ]
              } ]
            }, {
              "name" : "logo",
              "specs" : [ {
                "status" : "info",
                "place" : {
                  "filePath" : "pocetna.gspec",
                  "lineNumber" : 16
                },
                "name" : "width 102px",
                "meta" : [ {
                  "from" : {
                    "object" : "logo",
                    "edge" : "left"
                  },
                  "to" : {
                    "object" : "logo",
                    "edge" : "right"
                  },
                  "expectedDistance" : "102px",
                  "realDistance" : "102px"
                } ],
                "highlight" : [ "logo" ]
              }, {
                "status" : "info",
                "place" : {
                  "filePath" : "pocetna.gspec",
                  "lineNumber" : 17
                },
                "name" : "height 100px",
                "meta" : [ {
                  "from" : {
                    "object" : "logo",
                    "edge" : "top"
                  },
                  "to" : {
                    "object" : "logo",
                    "edge" : "bottom"
                  },
                  "expectedDistance" : "100px",
                  "realDistance" : "100px"
                } ],
                "highlight" : [ "logo" ]
              }, {
                "status" : "info",
                "place" : {
                  "filePath" : "pocetna.gspec",
                  "lineNumber" : 18
                },
                "name" : "inside viewport 10px top, >= 8px left right",
                "meta" : [ {
                  "from" : {
                    "object" : "logo",
                    "edge" : "top"
                  },
                  "to" : {
                    "object" : "viewport",
                    "edge" : "top"
                  },
                  "expectedDistance" : "10px",
                  "realDistance" : "10px"
                }, {
                  "from" : {
                    "object" : "logo",
                    "edge" : "left"
                  },
                  "to" : {
                    "object" : "viewport",
                    "edge" : "left"
                  },
                  "expectedDistance" : ">= 8px",
                  "realDistance" : "446px"
                }, {
                  "from" : {
                    "object" : "logo",
                    "edge" : "right"
                  },
                  "to" : {
                    "object" : "viewport",
                    "edge" : "right"
                  },
                  "expectedDistance" : ">= 8px",
                  "realDistance" : "447px"
                } ],
                "highlight" : [ "logo", "viewport" ]
              }, {
                "status" : "info",
                "place" : {
                  "filePath" : "pocetna.gspec",
                  "lineNumber" : 19
                },
                "name" : "centered horizontally inside meni",
                "highlight" : [ "logo", "meni" ]
              } ]
            }, {
              "name" : "sadrzaj",
              "specs" : [ {
                "status" : "info",
                "place" : {
                  "filePath" : "pocetna.gspec",
                  "lineNumber" : 22
                },
                "name" : "centered horizontally inside viewport",
                "highlight" : [ "sadrzaj", "viewport" ]
              }, {
                "status" : "info",
                "place" : {
                  "filePath" : "pocetna.gspec",
                  "lineNumber" : 23
                },
                "name" : "below meni",
                "meta" : [ {
                  "from" : {
                    "object" : "sadrzaj",
                    "edge" : "top"
                  },
                  "to" : {
                    "object" : "meni",
                    "edge" : "bottom"
                  },
                  "expectedDistance" : ">= 0px",
                  "realDistance" : "16px"
                } ],
                "highlight" : [ "sadrzaj", "meni" ]
              }, {
                "status" : "info",
                "place" : {
                  "filePath" : "pocetna.gspec",
                  "lineNumber" : 24
                },
                "name" : "height 1214px",
                "meta" : [ {
                  "from" : {
                    "object" : "sadrzaj",
                    "edge" : "top"
                  },
                  "to" : {
                    "object" : "sadrzaj",
                    "edge" : "bottom"
                  },
                  "expectedDistance" : "1214px",
                  "realDistance" : "1214px"
                } ],
                "highlight" : [ "sadrzaj" ]
              }, {
                "status" : "info",
                "place" : {
                  "filePath" : "pocetna.gspec",
                  "lineNumber" : 25
                },
                "name" : "width 979px",
                "meta" : [ {
                  "from" : {
                    "object" : "sadrzaj",
                    "edge" : "left"
                  },
                  "to" : {
                    "object" : "sadrzaj",
                    "edge" : "right"
                  },
                  "expectedDistance" : "979px",
                  "realDistance" : "979px"
                } ],
                "highlight" : [ "sadrzaj" ]
              } ]
            }, {
              "name" : "slike-1",
              "specs" : [ {
                "status" : "info",
                "place" : {
                  "filePath" : "pocetna.gspec",
                  "lineNumber" : 28
                },
                "name" : "width 288px",
                "meta" : [ {
                  "from" : {
                    "object" : "slike-1",
                    "edge" : "left"
                  },
                  "to" : {
                    "object" : "slike-1",
                    "edge" : "right"
                  },
                  "expectedDistance" : "288px",
                  "realDistance" : "288px"
                } ],
                "highlight" : [ "slike-1" ]
              }, {
                "status" : "info",
                "place" : {
                  "filePath" : "pocetna.gspec",
                  "lineNumber" : 29
                },
                "name" : "height 286px",
                "meta" : [ {
                  "from" : {
                    "object" : "slike-1",
                    "edge" : "top"
                  },
                  "to" : {
                    "object" : "slike-1",
                    "edge" : "bottom"
                  },
                  "expectedDistance" : "286px",
                  "realDistance" : "286px"
                } ],
                "highlight" : [ "slike-1" ]
              }, {
                "status" : "info",
                "place" : {
                  "filePath" : "pocetna.gspec",
                  "lineNumber" : 32
                },
                "name" : "inside sadrzaj",
                "meta" : [ ],
                "highlight" : [ "slike-1", "sadrzaj" ]
              }, {
                "status" : "info",
                "place" : {
                  "filePath" : "pocetna.gspec",
                  "lineNumber" : 33
                },
                "name" : "aligned horizontally all slike-2",
                "highlight" : [ "slike-1", "slike-2" ]
              } ]
            }, {
              "name" : "slike-2",
              "specs" : [ {
                "status" : "info",
                "place" : {
                  "filePath" : "pocetna.gspec",
                  "lineNumber" : 28
                },
                "name" : "width 288px",
                "meta" : [ {
                  "from" : {
                    "object" : "slike-2",
                    "edge" : "left"
                  },
                  "to" : {
                    "object" : "slike-2",
                    "edge" : "right"
                  },
                  "expectedDistance" : "288px",
                  "realDistance" : "288px"
                } ],
                "highlight" : [ "slike-2" ]
              }, {
                "status" : "info",
                "place" : {
                  "filePath" : "pocetna.gspec",
                  "lineNumber" : 29
                },
                "name" : "height 286px",
                "meta" : [ {
                  "from" : {
                    "object" : "slike-2",
                    "edge" : "top"
                  },
                  "to" : {
                    "object" : "slike-2",
                    "edge" : "bottom"
                  },
                  "expectedDistance" : "286px",
                  "realDistance" : "286px"
                } ],
                "highlight" : [ "slike-2" ]
              }, {
                "status" : "info",
                "place" : {
                  "filePath" : "pocetna.gspec",
                  "lineNumber" : 36
                },
                "name" : "inside sadrzaj",
                "meta" : [ ],
                "highlight" : [ "slike-2", "sadrzaj" ]
              }, {
                "status" : "info",
                "place" : {
                  "filePath" : "pocetna.gspec",
                  "lineNumber" : 37
                },
                "name" : "aligned horizontally all slike-3",
                "highlight" : [ "slike-2", "slike-3" ]
              } ]
            }, {
              "name" : "slike-3",
              "specs" : [ {
                "status" : "info",
                "place" : {
                  "filePath" : "pocetna.gspec",
                  "lineNumber" : 28
                },
                "name" : "width 288px",
                "meta" : [ {
                  "from" : {
                    "object" : "slike-3",
                    "edge" : "left"
                  },
                  "to" : {
                    "object" : "slike-3",
                    "edge" : "right"
                  },
                  "expectedDistance" : "288px",
                  "realDistance" : "288px"
                } ],
                "highlight" : [ "slike-3" ]
              }, {
                "status" : "info",
                "place" : {
                  "filePath" : "pocetna.gspec",
                  "lineNumber" : 29
                },
                "name" : "height 286px",
                "meta" : [ {
                  "from" : {
                    "object" : "slike-3",
                    "edge" : "top"
                  },
                  "to" : {
                    "object" : "slike-3",
                    "edge" : "bottom"
                  },
                  "expectedDistance" : "286px",
                  "realDistance" : "286px"
                } ],
                "highlight" : [ "slike-3" ]
              }, {
                "status" : "info",
                "place" : {
                  "filePath" : "pocetna.gspec",
                  "lineNumber" : 40
                },
                "name" : "inside sadrzaj",
                "meta" : [ ],
                "highlight" : [ "slike-3", "sadrzaj" ]
              }, {
                "status" : "info",
                "place" : {
                  "filePath" : "pocetna.gspec",
                  "lineNumber" : 41
                },
                "name" : "aligned horizontally all slike-2",
                "highlight" : [ "slike-3", "slike-2" ]
              } ]
            }, {
              "name" : "slike-4",
              "specs" : [ {
                "status" : "info",
                "place" : {
                  "filePath" : "pocetna.gspec",
                  "lineNumber" : 28
                },
                "name" : "width 288px",
                "meta" : [ {
                  "from" : {
                    "object" : "slike-4",
                    "edge" : "left"
                  },
                  "to" : {
                    "object" : "slike-4",
                    "edge" : "right"
                  },
                  "expectedDistance" : "288px",
                  "realDistance" : "288px"
                } ],
                "highlight" : [ "slike-4" ]
              }, {
                "status" : "info",
                "place" : {
                  "filePath" : "pocetna.gspec",
                  "lineNumber" : 29
                },
                "name" : "height 286px",
                "meta" : [ {
                  "from" : {
                    "object" : "slike-4",
                    "edge" : "top"
                  },
                  "to" : {
                    "object" : "slike-4",
                    "edge" : "bottom"
                  },
                  "expectedDistance" : "286px",
                  "realDistance" : "286px"
                } ],
                "highlight" : [ "slike-4" ]
              }, {
                "status" : "info",
                "place" : {
                  "filePath" : "pocetna.gspec",
                  "lineNumber" : 44
                },
                "name" : "inside sadrzaj",
                "meta" : [ ],
                "highlight" : [ "slike-4", "sadrzaj" ]
              }, {
                "status" : "info",
                "place" : {
                  "filePath" : "pocetna.gspec",
                  "lineNumber" : 45
                },
                "name" : "aligned horizontally all slike-5",
                "highlight" : [ "slike-4", "slike-5" ]
              } ]
            }, {
              "name" : "slike-5",
              "specs" : [ {
                "status" : "info",
                "place" : {
                  "filePath" : "pocetna.gspec",
                  "lineNumber" : 28
                },
                "name" : "width 288px",
                "meta" : [ {
                  "from" : {
                    "object" : "slike-5",
                    "edge" : "left"
                  },
                  "to" : {
                    "object" : "slike-5",
                    "edge" : "right"
                  },
                  "expectedDistance" : "288px",
                  "realDistance" : "288px"
                } ],
                "highlight" : [ "slike-5" ]
              }, {
                "status" : "info",
                "place" : {
                  "filePath" : "pocetna.gspec",
                  "lineNumber" : 29
                },
                "name" : "height 286px",
                "meta" : [ {
                  "from" : {
                    "object" : "slike-5",
                    "edge" : "top"
                  },
                  "to" : {
                    "object" : "slike-5",
                    "edge" : "bottom"
                  },
                  "expectedDistance" : "286px",
                  "realDistance" : "286px"
                } ],
                "highlight" : [ "slike-5" ]
              }, {
                "status" : "info",
                "place" : {
                  "filePath" : "pocetna.gspec",
                  "lineNumber" : 48
                },
                "name" : "inside sadrzaj",
                "meta" : [ ],
                "highlight" : [ "slike-5", "sadrzaj" ]
              }, {
                "status" : "info",
                "place" : {
                  "filePath" : "pocetna.gspec",
                  "lineNumber" : 49
                },
                "name" : "aligned horizontally all slike-6",
                "highlight" : [ "slike-5", "slike-6" ]
              } ]
            }, {
              "name" : "slike-6",
              "specs" : [ {
                "status" : "info",
                "place" : {
                  "filePath" : "pocetna.gspec",
                  "lineNumber" : 28
                },
                "name" : "width 288px",
                "meta" : [ {
                  "from" : {
                    "object" : "slike-6",
                    "edge" : "left"
                  },
                  "to" : {
                    "object" : "slike-6",
                    "edge" : "right"
                  },
                  "expectedDistance" : "288px",
                  "realDistance" : "288px"
                } ],
                "highlight" : [ "slike-6" ]
              }, {
                "status" : "info",
                "place" : {
                  "filePath" : "pocetna.gspec",
                  "lineNumber" : 29
                },
                "name" : "height 286px",
                "meta" : [ {
                  "from" : {
                    "object" : "slike-6",
                    "edge" : "top"
                  },
                  "to" : {
                    "object" : "slike-6",
                    "edge" : "bottom"
                  },
                  "expectedDistance" : "286px",
                  "realDistance" : "286px"
                } ],
                "highlight" : [ "slike-6" ]
              }, {
                "status" : "info",
                "place" : {
                  "filePath" : "pocetna.gspec",
                  "lineNumber" : 52
                },
                "name" : "inside sadrzaj",
                "meta" : [ ],
                "highlight" : [ "slike-6", "sadrzaj" ]
              }, {
                "status" : "info",
                "place" : {
                  "filePath" : "pocetna.gspec",
                  "lineNumber" : 53
                },
                "name" : "aligned horizontally all slike-5",
                "highlight" : [ "slike-6", "slike-5" ]
              } ]
            }, {
              "name" : "slike-7",
              "specs" : [ {
                "status" : "info",
                "place" : {
                  "filePath" : "pocetna.gspec",
                  "lineNumber" : 28
                },
                "name" : "width 288px",
                "meta" : [ {
                  "from" : {
                    "object" : "slike-7",
                    "edge" : "left"
                  },
                  "to" : {
                    "object" : "slike-7",
                    "edge" : "right"
                  },
                  "expectedDistance" : "288px",
                  "realDistance" : "288px"
                } ],
                "highlight" : [ "slike-7" ]
              }, {
                "status" : "info",
                "place" : {
                  "filePath" : "pocetna.gspec",
                  "lineNumber" : 29
                },
                "name" : "height 286px",
                "meta" : [ {
                  "from" : {
                    "object" : "slike-7",
                    "edge" : "top"
                  },
                  "to" : {
                    "object" : "slike-7",
                    "edge" : "bottom"
                  },
                  "expectedDistance" : "286px",
                  "realDistance" : "286px"
                } ],
                "highlight" : [ "slike-7" ]
              }, {
                "status" : "info",
                "place" : {
                  "filePath" : "pocetna.gspec",
                  "lineNumber" : 56
                },
                "name" : "inside sadrzaj",
                "meta" : [ ],
                "highlight" : [ "slike-7", "sadrzaj" ]
              }, {
                "status" : "info",
                "place" : {
                  "filePath" : "pocetna.gspec",
                  "lineNumber" : 57
                },
                "name" : "aligned horizontally all slike-8",
                "highlight" : [ "slike-7", "slike-8" ]
              } ]
            }, {
              "name" : "slike-8",
              "specs" : [ {
                "status" : "info",
                "place" : {
                  "filePath" : "pocetna.gspec",
                  "lineNumber" : 28
                },
                "name" : "width 288px",
                "meta" : [ {
                  "from" : {
                    "object" : "slike-8",
                    "edge" : "left"
                  },
                  "to" : {
                    "object" : "slike-8",
                    "edge" : "right"
                  },
                  "expectedDistance" : "288px",
                  "realDistance" : "288px"
                } ],
                "highlight" : [ "slike-8" ]
              }, {
                "status" : "info",
                "place" : {
                  "filePath" : "pocetna.gspec",
                  "lineNumber" : 29
                },
                "name" : "height 286px",
                "meta" : [ {
                  "from" : {
                    "object" : "slike-8",
                    "edge" : "top"
                  },
                  "to" : {
                    "object" : "slike-8",
                    "edge" : "bottom"
                  },
                  "expectedDistance" : "286px",
                  "realDistance" : "286px"
                } ],
                "highlight" : [ "slike-8" ]
              }, {
                "status" : "info",
                "place" : {
                  "filePath" : "pocetna.gspec",
                  "lineNumber" : 60
                },
                "name" : "inside sadrzaj",
                "meta" : [ ],
                "highlight" : [ "slike-8", "sadrzaj" ]
              }, {
                "status" : "info",
                "place" : {
                  "filePath" : "pocetna.gspec",
                  "lineNumber" : 61
                },
                "name" : "aligned horizontally all slike-9",
                "highlight" : [ "slike-8", "slike-9" ]
              } ]
            }, {
              "name" : "slike-9",
              "specs" : [ {
                "status" : "info",
                "place" : {
                  "filePath" : "pocetna.gspec",
                  "lineNumber" : 28
                },
                "name" : "width 288px",
                "meta" : [ {
                  "from" : {
                    "object" : "slike-9",
                    "edge" : "left"
                  },
                  "to" : {
                    "object" : "slike-9",
                    "edge" : "right"
                  },
                  "expectedDistance" : "288px",
                  "realDistance" : "288px"
                } ],
                "highlight" : [ "slike-9" ]
              }, {
                "status" : "info",
                "place" : {
                  "filePath" : "pocetna.gspec",
                  "lineNumber" : 29
                },
                "name" : "height 286px",
                "meta" : [ {
                  "from" : {
                    "object" : "slike-9",
                    "edge" : "top"
                  },
                  "to" : {
                    "object" : "slike-9",
                    "edge" : "bottom"
                  },
                  "expectedDistance" : "286px",
                  "realDistance" : "286px"
                } ],
                "highlight" : [ "slike-9" ]
              }, {
                "status" : "info",
                "place" : {
                  "filePath" : "pocetna.gspec",
                  "lineNumber" : 64
                },
                "name" : "inside sadrzaj",
                "meta" : [ ],
                "highlight" : [ "slike-9", "sadrzaj" ]
              }, {
                "status" : "info",
                "place" : {
                  "filePath" : "pocetna.gspec",
                  "lineNumber" : 65
                },
                "name" : "aligned horizontally all slike-8",
                "highlight" : [ "slike-9", "slike-8" ]
              } ]
            }, {
              "name" : "slike-10",
              "specs" : [ {
                "status" : "info",
                "place" : {
                  "filePath" : "pocetna.gspec",
                  "lineNumber" : 28
                },
                "name" : "width 288px",
                "meta" : [ {
                  "from" : {
                    "object" : "slike-10",
                    "edge" : "left"
                  },
                  "to" : {
                    "object" : "slike-10",
                    "edge" : "right"
                  },
                  "expectedDistance" : "288px",
                  "realDistance" : "288px"
                } ],
                "highlight" : [ "slike-10" ]
              }, {
                "status" : "info",
                "place" : {
                  "filePath" : "pocetna.gspec",
                  "lineNumber" : 29
                },
                "name" : "height 286px",
                "meta" : [ {
                  "from" : {
                    "object" : "slike-10",
                    "edge" : "top"
                  },
                  "to" : {
                    "object" : "slike-10",
                    "edge" : "bottom"
                  },
                  "expectedDistance" : "286px",
                  "realDistance" : "286px"
                } ],
                "highlight" : [ "slike-10" ]
              }, {
                "status" : "info",
                "place" : {
                  "filePath" : "pocetna.gspec",
                  "lineNumber" : 68
                },
                "name" : "inside sadrzaj",
                "meta" : [ ],
                "highlight" : [ "slike-10", "sadrzaj" ]
              }, {
                "status" : "info",
                "place" : {
                  "filePath" : "pocetna.gspec",
                  "lineNumber" : 69
                },
                "name" : "aligned vertically left slike-7",
                "highlight" : [ "slike-10", "slike-7" ]
              } ]
            } ]
          } ],
          "objects" : {
            "meni" : {
              "area" : [ 8, 176, 979, 32 ]
            },
            "slike-4" : {
              "area" : [ 55, 540, 288, 286 ]
            },
            "slike-3" : {
              "area" : [ 651, 244, 288, 286 ]
            },
            "slike-6" : {
              "area" : [ 651, 540, 288, 286 ]
            },
            "slike-5" : {
              "area" : [ 353, 540, 288, 286 ]
            },
            "slike-8" : {
              "area" : [ 353, 836, 288, 286 ]
            },
            "slike-7" : {
              "area" : [ 55, 836, 288, 286 ]
            },
            "slike-10" : {
              "area" : [ 55, 1132, 288, 286 ]
            },
            "slike-9" : {
              "area" : [ 651, 836, 288, 286 ]
            },
            "sadrzaj" : {
              "area" : [ 8, 224, 979, 1214 ]
            },
            "viewport" : {
              "area" : [ 0, 0, 995, 687 ]
            },
            "logo" : {
              "area" : [ 446, 10, 102, 100 ]
            },
            "slike-2" : {
              "area" : [ 353, 244, 288, 286 ]
            },
            "slike-1" : {
              "area" : [ 55, 244, 288, 286 ]
            }
          },
          "screenshot" : "layout-1-screenshot.png",
          "type" : "layout"
        } ],
        "time" : 1573659602482,
        "type" : "node"
      } ],
      "time" : 1573659595494,
      "type" : "node"
    } ]
  }
}