{
  "testId" : "1-mobileunos.gspec",
  "name" : "mobileUnos.gspec",
  "report" : {
    "nodes" : [ {
      "name" : "Simple check",
      "status" : "info",
      "nodes" : [ {
        "name" : "check  mobileUnos.gspec --url http://localhost/unos.html --size 600x1400 --htmlreport reports/mobileUnos",
        "status" : "info",
        "nodes" : [ {
          "name" : "Check layout: mobileUnos.gspec included tags: ",
          "status" : "info",
          "time" : 1573645292442,
          "sections" : [ {
            "name" : "formaZaUnos",
            "place" : {
              "filePath" : "mobileUnos.gspec",
              "lineNumber" : 6
            },
            "objects" : [ {
              "name" : "formaZaUnos",
              "specs" : [ {
                "status" : "info",
                "place" : {
                  "filePath" : "mobileUnos.gspec",
                  "lineNumber" : 8
                },
                "name" : "centered all inside viewport 336px",
                "highlight" : [ "formaZaUnos", "viewport" ]
              }, {
                "status" : "info",
                "place" : {
                  "filePath" : "mobileUnos.gspec",
                  "lineNumber" : 9
                },
                "name" : "width 471px",
                "meta" : [ {
                  "from" : {
                    "object" : "formaZaUnos",
                    "edge" : "left"
                  },
                  "to" : {
                    "object" : "formaZaUnos",
                    "edge" : "right"
                  },
                  "expectedDistance" : "471px",
                  "realDistance" : "471px"
                } ],
                "highlight" : [ "formaZaUnos" ]
              }, {
                "status" : "info",
                "place" : {
                  "filePath" : "mobileUnos.gspec",
                  "lineNumber" : 10
                },
                "name" : "height 345px",
                "meta" : [ {
                  "from" : {
                    "object" : "formaZaUnos",
                    "edge" : "top"
                  },
                  "to" : {
                    "object" : "formaZaUnos",
                    "edge" : "bottom"
                  },
                  "expectedDistance" : "345px",
                  "realDistance" : "345px"
                } ],
                "highlight" : [ "formaZaUnos" ]
              }, {
                "status" : "info",
                "place" : {
                  "filePath" : "mobileUnos.gspec",
                  "lineNumber" : 11
                },
                "name" : "left-of viewport -529px",
                "meta" : [ {
                  "from" : {
                    "object" : "formaZaUnos",
                    "edge" : "right"
                  },
                  "to" : {
                    "object" : "viewport",
                    "edge" : "left"
                  },
                  "expectedDistance" : "-529px",
                  "realDistance" : "-529px"
                } ],
                "highlight" : [ "formaZaUnos", "viewport" ]
              }, {
                "status" : "info",
                "place" : {
                  "filePath" : "mobileUnos.gspec",
                  "lineNumber" : 12
                },
                "name" : "below viewport -1000px",
                "meta" : [ {
                  "from" : {
                    "object" : "formaZaUnos",
                    "edge" : "top"
                  },
                  "to" : {
                    "object" : "viewport",
                    "edge" : "bottom"
                  },
                  "expectedDistance" : "-1000px",
                  "realDistance" : "-1000px"
                } ],
                "highlight" : [ "formaZaUnos", "viewport" ]
              } ]
            } ]
          }, {
            "name" : "labele",
            "place" : {
              "filePath" : "mobileUnos.gspec",
              "lineNumber" : 14
            },
            "objects" : [ {
              "name" : "labele-1",
              "specs" : [ {
                "status" : "info",
                "place" : {
                  "filePath" : "mobileUnos.gspec",
                  "lineNumber" : 16
                },
                "name" : "width 170px",
                "meta" : [ {
                  "from" : {
                    "object" : "labele-1",
                    "edge" : "left"
                  },
                  "to" : {
                    "object" : "labele-1",
                    "edge" : "right"
                  },
                  "expectedDistance" : "170px",
                  "realDistance" : "170px"
                } ],
                "highlight" : [ "labele-1" ]
              }, {
                "status" : "info",
                "place" : {
                  "filePath" : "mobileUnos.gspec",
                  "lineNumber" : 17
                },
                "name" : "height 18px",
                "meta" : [ {
                  "from" : {
                    "object" : "labele-1",
                    "edge" : "top"
                  },
                  "to" : {
                    "object" : "labele-1",
                    "edge" : "bottom"
                  },
                  "expectedDistance" : "18px",
                  "realDistance" : "18px"
                } ],
                "highlight" : [ "labele-1" ]
              }, {
                "status" : "info",
                "place" : {
                  "filePath" : "mobileUnos.gspec",
                  "lineNumber" : 18
                },
                "name" : "above inputs-1 6px",
                "meta" : [ {
                  "from" : {
                    "object" : "labele-1",
                    "edge" : "bottom"
                  },
                  "to" : {
                    "object" : "inputs-1",
                    "edge" : "top"
                  },
                  "expectedDistance" : "6px",
                  "realDistance" : "6px"
                } ],
                "highlight" : [ "labele-1", "inputs-1" ]
              }, {
                "status" : "info",
                "place" : {
                  "filePath" : "mobileUnos.gspec",
                  "lineNumber" : 19
                },
                "name" : "left-of formaZaUnos -301px",
                "meta" : [ {
                  "from" : {
                    "object" : "labele-1",
                    "edge" : "right"
                  },
                  "to" : {
                    "object" : "formaZaUnos",
                    "edge" : "left"
                  },
                  "expectedDistance" : "-301px",
                  "realDistance" : "-301px"
                } ],
                "highlight" : [ "labele-1", "formaZaUnos" ]
              } ]
            }, {
              "name" : "labele-2",
              "specs" : [ {
                "status" : "info",
                "place" : {
                  "filePath" : "mobileUnos.gspec",
                  "lineNumber" : 22
                },
                "name" : "width 170px",
                "meta" : [ {
                  "from" : {
                    "object" : "labele-2",
                    "edge" : "left"
                  },
                  "to" : {
                    "object" : "labele-2",
                    "edge" : "right"
                  },
                  "expectedDistance" : "170px",
                  "realDistance" : "170px"
                } ],
                "highlight" : [ "labele-2" ]
              }, {
                "status" : "info",
                "place" : {
                  "filePath" : "mobileUnos.gspec",
                  "lineNumber" : 23
                },
                "name" : "height 18px",
                "meta" : [ {
                  "from" : {
                    "object" : "labele-2",
                    "edge" : "top"
                  },
                  "to" : {
                    "object" : "labele-2",
                    "edge" : "bottom"
                  },
                  "expectedDistance" : "18px",
                  "realDistance" : "18px"
                } ],
                "highlight" : [ "labele-2" ]
              }, {
                "status" : "info",
                "place" : {
                  "filePath" : "mobileUnos.gspec",
                  "lineNumber" : 24
                },
                "name" : "above inputs-2 6px",
                "meta" : [ {
                  "from" : {
                    "object" : "labele-2",
                    "edge" : "bottom"
                  },
                  "to" : {
                    "object" : "inputs-2",
                    "edge" : "top"
                  },
                  "expectedDistance" : "6px",
                  "realDistance" : "6px"
                } ],
                "highlight" : [ "labele-2", "inputs-2" ]
              }, {
                "status" : "info",
                "place" : {
                  "filePath" : "mobileUnos.gspec",
                  "lineNumber" : 25
                },
                "name" : "below inputs-1 18px",
                "meta" : [ {
                  "from" : {
                    "object" : "labele-2",
                    "edge" : "top"
                  },
                  "to" : {
                    "object" : "inputs-1",
                    "edge" : "bottom"
                  },
                  "expectedDistance" : "18px",
                  "realDistance" : "18px"
                } ],
                "highlight" : [ "labele-2", "inputs-1" ]
              }, {
                "status" : "info",
                "place" : {
                  "filePath" : "mobileUnos.gspec",
                  "lineNumber" : 26
                },
                "name" : "left-of formaZaUnos -301px",
                "meta" : [ {
                  "from" : {
                    "object" : "labele-2",
                    "edge" : "right"
                  },
                  "to" : {
                    "object" : "formaZaUnos",
                    "edge" : "left"
                  },
                  "expectedDistance" : "-301px",
                  "realDistance" : "-301px"
                } ],
                "highlight" : [ "labele-2", "formaZaUnos" ]
              } ]
            }, {
              "name" : "labele-3",
              "specs" : [ {
                "status" : "info",
                "place" : {
                  "filePath" : "mobileUnos.gspec",
                  "lineNumber" : 29
                },
                "name" : "width 170px",
                "meta" : [ {
                  "from" : {
                    "object" : "labele-3",
                    "edge" : "left"
                  },
                  "to" : {
                    "object" : "labele-3",
                    "edge" : "right"
                  },
                  "expectedDistance" : "170px",
                  "realDistance" : "170px"
                } ],
                "highlight" : [ "labele-3" ]
              }, {
                "status" : "info",
                "place" : {
                  "filePath" : "mobileUnos.gspec",
                  "lineNumber" : 30
                },
                "name" : "height 18px",
                "meta" : [ {
                  "from" : {
                    "object" : "labele-3",
                    "edge" : "top"
                  },
                  "to" : {
                    "object" : "labele-3",
                    "edge" : "bottom"
                  },
                  "expectedDistance" : "18px",
                  "realDistance" : "18px"
                } ],
                "highlight" : [ "labele-3" ]
              }, {
                "status" : "info",
                "place" : {
                  "filePath" : "mobileUnos.gspec",
                  "lineNumber" : 31
                },
                "name" : "above inputs-3 6px",
                "meta" : [ {
                  "from" : {
                    "object" : "labele-3",
                    "edge" : "bottom"
                  },
                  "to" : {
                    "object" : "inputs-3",
                    "edge" : "top"
                  },
                  "expectedDistance" : "6px",
                  "realDistance" : "6px"
                } ],
                "highlight" : [ "labele-3", "inputs-3" ]
              }, {
                "status" : "info",
                "place" : {
                  "filePath" : "mobileUnos.gspec",
                  "lineNumber" : 32
                },
                "name" : "below inputs-2",
                "meta" : [ {
                  "from" : {
                    "object" : "labele-3",
                    "edge" : "top"
                  },
                  "to" : {
                    "object" : "inputs-2",
                    "edge" : "bottom"
                  },
                  "expectedDistance" : ">= 0px",
                  "realDistance" : "18px"
                } ],
                "highlight" : [ "labele-3", "inputs-2" ]
              }, {
                "status" : "info",
                "place" : {
                  "filePath" : "mobileUnos.gspec",
                  "lineNumber" : 33
                },
                "name" : "left-of formaZaUnos -301px",
                "meta" : [ {
                  "from" : {
                    "object" : "labele-3",
                    "edge" : "right"
                  },
                  "to" : {
                    "object" : "formaZaUnos",
                    "edge" : "left"
                  },
                  "expectedDistance" : "-301px",
                  "realDistance" : "-301px"
                } ],
                "highlight" : [ "labele-3", "formaZaUnos" ]
              } ]
            }, {
              "name" : "labele-4",
              "specs" : [ {
                "status" : "info",
                "place" : {
                  "filePath" : "mobileUnos.gspec",
                  "lineNumber" : 36
                },
                "name" : "width 170px",
                "meta" : [ {
                  "from" : {
                    "object" : "labele-4",
                    "edge" : "left"
                  },
                  "to" : {
                    "object" : "labele-4",
                    "edge" : "right"
                  },
                  "expectedDistance" : "170px",
                  "realDistance" : "170px"
                } ],
                "highlight" : [ "labele-4" ]
              }, {
                "status" : "info",
                "place" : {
                  "filePath" : "mobileUnos.gspec",
                  "lineNumber" : 37
                },
                "name" : "height 18px",
                "meta" : [ {
                  "from" : {
                    "object" : "labele-4",
                    "edge" : "top"
                  },
                  "to" : {
                    "object" : "labele-4",
                    "edge" : "bottom"
                  },
                  "expectedDistance" : "18px",
                  "realDistance" : "18px"
                } ],
                "highlight" : [ "labele-4" ]
              }, {
                "status" : "info",
                "place" : {
                  "filePath" : "mobileUnos.gspec",
                  "lineNumber" : 38
                },
                "name" : "above inputs-4",
                "meta" : [ {
                  "from" : {
                    "object" : "labele-4",
                    "edge" : "bottom"
                  },
                  "to" : {
                    "object" : "inputs-4",
                    "edge" : "top"
                  },
                  "expectedDistance" : ">= 0px",
                  "realDistance" : "7px"
                } ],
                "highlight" : [ "labele-4", "inputs-4" ]
              }, {
                "status" : "info",
                "place" : {
                  "filePath" : "mobileUnos.gspec",
                  "lineNumber" : 39
                },
                "name" : "below inputs-3 18px",
                "meta" : [ {
                  "from" : {
                    "object" : "labele-4",
                    "edge" : "top"
                  },
                  "to" : {
                    "object" : "inputs-3",
                    "edge" : "bottom"
                  },
                  "expectedDistance" : "18px",
                  "realDistance" : "18px"
                } ],
                "highlight" : [ "labele-4", "inputs-3" ]
              }, {
                "status" : "info",
                "place" : {
                  "filePath" : "mobileUnos.gspec",
                  "lineNumber" : 40
                },
                "name" : "left-of formaZaUnos -301px",
                "meta" : [ {
                  "from" : {
                    "object" : "labele-4",
                    "edge" : "right"
                  },
                  "to" : {
                    "object" : "formaZaUnos",
                    "edge" : "left"
                  },
                  "expectedDistance" : "-301px",
                  "realDistance" : "-301px"
                } ],
                "highlight" : [ "labele-4", "formaZaUnos" ]
              } ]
            } ]
          }, {
            "name" : "inputi",
            "place" : {
              "filePath" : "mobileUnos.gspec",
              "lineNumber" : 42
            },
            "objects" : [ {
              "name" : "inputs-1",
              "specs" : [ {
                "status" : "info",
                "place" : {
                  "filePath" : "mobileUnos.gspec",
                  "lineNumber" : 44
                },
                "name" : "width 220px",
                "meta" : [ {
                  "from" : {
                    "object" : "inputs-1",
                    "edge" : "left"
                  },
                  "to" : {
                    "object" : "inputs-1",
                    "edge" : "right"
                  },
                  "expectedDistance" : "220px",
                  "realDistance" : "220px"
                } ],
                "highlight" : [ "inputs-1" ]
              }, {
                "status" : "info",
                "place" : {
                  "filePath" : "mobileUnos.gspec",
                  "lineNumber" : 45
                },
                "name" : "height 18px",
                "meta" : [ {
                  "from" : {
                    "object" : "inputs-1",
                    "edge" : "top"
                  },
                  "to" : {
                    "object" : "inputs-1",
                    "edge" : "bottom"
                  },
                  "expectedDistance" : "18px",
                  "realDistance" : "18px"
                } ],
                "highlight" : [ "inputs-1" ]
              }, {
                "status" : "info",
                "place" : {
                  "filePath" : "mobileUnos.gspec",
                  "lineNumber" : 46
                },
                "name" : "above labele-2 18px",
                "meta" : [ {
                  "from" : {
                    "object" : "inputs-1",
                    "edge" : "bottom"
                  },
                  "to" : {
                    "object" : "labele-2",
                    "edge" : "top"
                  },
                  "expectedDistance" : "18px",
                  "realDistance" : "18px"
                } ],
                "highlight" : [ "inputs-1", "labele-2" ]
              }, {
                "status" : "info",
                "place" : {
                  "filePath" : "mobileUnos.gspec",
                  "lineNumber" : 47
                },
                "name" : "below labele-1 6px",
                "meta" : [ {
                  "from" : {
                    "object" : "inputs-1",
                    "edge" : "top"
                  },
                  "to" : {
                    "object" : "labele-1",
                    "edge" : "bottom"
                  },
                  "expectedDistance" : "6px",
                  "realDistance" : "6px"
                } ],
                "highlight" : [ "inputs-1", "labele-1" ]
              }, {
                "status" : "info",
                "place" : {
                  "filePath" : "mobileUnos.gspec",
                  "lineNumber" : 48
                },
                "name" : "left-of formaZaUnos -351px",
                "meta" : [ {
                  "from" : {
                    "object" : "inputs-1",
                    "edge" : "right"
                  },
                  "to" : {
                    "object" : "formaZaUnos",
                    "edge" : "left"
                  },
                  "expectedDistance" : "-351px",
                  "realDistance" : "-351px"
                } ],
                "highlight" : [ "inputs-1", "formaZaUnos" ]
              } ]
            }, {
              "name" : "inputs-2",
              "specs" : [ {
                "status" : "info",
                "place" : {
                  "filePath" : "mobileUnos.gspec",
                  "lineNumber" : 51
                },
                "name" : "width 220px",
                "meta" : [ {
                  "from" : {
                    "object" : "inputs-2",
                    "edge" : "left"
                  },
                  "to" : {
                    "object" : "inputs-2",
                    "edge" : "right"
                  },
                  "expectedDistance" : "220px",
                  "realDistance" : "220px"
                } ],
                "highlight" : [ "inputs-2" ]
              }, {
                "status" : "info",
                "place" : {
                  "filePath" : "mobileUnos.gspec",
                  "lineNumber" : 52
                },
                "name" : "height 18px",
                "meta" : [ {
                  "from" : {
                    "object" : "inputs-2",
                    "edge" : "top"
                  },
                  "to" : {
                    "object" : "inputs-2",
                    "edge" : "bottom"
                  },
                  "expectedDistance" : "18px",
                  "realDistance" : "18px"
                } ],
                "highlight" : [ "inputs-2" ]
              }, {
                "status" : "info",
                "place" : {
                  "filePath" : "mobileUnos.gspec",
                  "lineNumber" : 53
                },
                "name" : "above labele-3 18px",
                "meta" : [ {
                  "from" : {
                    "object" : "inputs-2",
                    "edge" : "bottom"
                  },
                  "to" : {
                    "object" : "labele-3",
                    "edge" : "top"
                  },
                  "expectedDistance" : "18px",
                  "realDistance" : "18px"
                } ],
                "highlight" : [ "inputs-2", "labele-3" ]
              }, {
                "status" : "info",
                "place" : {
                  "filePath" : "mobileUnos.gspec",
                  "lineNumber" : 54
                },
                "name" : "below labele-2 6px",
                "meta" : [ {
                  "from" : {
                    "object" : "inputs-2",
                    "edge" : "top"
                  },
                  "to" : {
                    "object" : "labele-2",
                    "edge" : "bottom"
                  },
                  "expectedDistance" : "6px",
                  "realDistance" : "6px"
                } ],
                "highlight" : [ "inputs-2", "labele-2" ]
              }, {
                "status" : "info",
                "place" : {
                  "filePath" : "mobileUnos.gspec",
                  "lineNumber" : 55
                },
                "name" : "left-of formaZaUnos -351px",
                "meta" : [ {
                  "from" : {
                    "object" : "inputs-2",
                    "edge" : "right"
                  },
                  "to" : {
                    "object" : "formaZaUnos",
                    "edge" : "left"
                  },
                  "expectedDistance" : "-351px",
                  "realDistance" : "-351px"
                } ],
                "highlight" : [ "inputs-2", "formaZaUnos" ]
              } ]
            }, {
              "name" : "inputs-3",
              "specs" : [ {
                "status" : "info",
                "place" : {
                  "filePath" : "mobileUnos.gspec",
                  "lineNumber" : 58
                },
                "name" : "width 220px",
                "meta" : [ {
                  "from" : {
                    "object" : "inputs-3",
                    "edge" : "left"
                  },
                  "to" : {
                    "object" : "inputs-3",
                    "edge" : "right"
                  },
                  "expectedDistance" : "220px",
                  "realDistance" : "220px"
                } ],
                "highlight" : [ "inputs-3" ]
              }, {
                "status" : "info",
                "place" : {
                  "filePath" : "mobileUnos.gspec",
                  "lineNumber" : 59
                },
                "name" : "height 18px",
                "meta" : [ {
                  "from" : {
                    "object" : "inputs-3",
                    "edge" : "top"
                  },
                  "to" : {
                    "object" : "inputs-3",
                    "edge" : "bottom"
                  },
                  "expectedDistance" : "18px",
                  "realDistance" : "18px"
                } ],
                "highlight" : [ "inputs-3" ]
              }, {
                "status" : "info",
                "place" : {
                  "filePath" : "mobileUnos.gspec",
                  "lineNumber" : 60
                },
                "name" : "above labele-4 18px",
                "meta" : [ {
                  "from" : {
                    "object" : "inputs-3",
                    "edge" : "bottom"
                  },
                  "to" : {
                    "object" : "labele-4",
                    "edge" : "top"
                  },
                  "expectedDistance" : "18px",
                  "realDistance" : "18px"
                } ],
                "highlight" : [ "inputs-3", "labele-4" ]
              }, {
                "status" : "info",
                "place" : {
                  "filePath" : "mobileUnos.gspec",
                  "lineNumber" : 61
                },
                "name" : "below labele-3 6px",
                "meta" : [ {
                  "from" : {
                    "object" : "inputs-3",
                    "edge" : "top"
                  },
                  "to" : {
                    "object" : "labele-3",
                    "edge" : "bottom"
                  },
                  "expectedDistance" : "6px",
                  "realDistance" : "6px"
                } ],
                "highlight" : [ "inputs-3", "labele-3" ]
              }, {
                "status" : "info",
                "place" : {
                  "filePath" : "mobileUnos.gspec",
                  "lineNumber" : 62
                },
                "name" : "left-of formaZaUnos -351px",
                "meta" : [ {
                  "from" : {
                    "object" : "inputs-3",
                    "edge" : "right"
                  },
                  "to" : {
                    "object" : "formaZaUnos",
                    "edge" : "left"
                  },
                  "expectedDistance" : "-351px",
                  "realDistance" : "-351px"
                } ],
                "highlight" : [ "inputs-3", "formaZaUnos" ]
              } ]
            }, {
              "name" : "inputs-4",
              "specs" : [ {
                "status" : "info",
                "place" : {
                  "filePath" : "mobileUnos.gspec",
                  "lineNumber" : 65
                },
                "name" : "width 220px",
                "meta" : [ {
                  "from" : {
                    "object" : "inputs-4",
                    "edge" : "left"
                  },
                  "to" : {
                    "object" : "inputs-4",
                    "edge" : "right"
                  },
                  "expectedDistance" : "220px",
                  "realDistance" : "220px"
                } ],
                "highlight" : [ "inputs-4" ]
              }, {
                "status" : "info",
                "place" : {
                  "filePath" : "mobileUnos.gspec",
                  "lineNumber" : 66
                },
                "name" : "height 18px",
                "meta" : [ {
                  "from" : {
                    "object" : "inputs-4",
                    "edge" : "top"
                  },
                  "to" : {
                    "object" : "inputs-4",
                    "edge" : "bottom"
                  },
                  "expectedDistance" : "18px",
                  "realDistance" : "18px"
                } ],
                "highlight" : [ "inputs-4" ]
              }, {
                "status" : "info",
                "place" : {
                  "filePath" : "mobileUnos.gspec",
                  "lineNumber" : 67
                },
                "name" : "above inputs-5 18px",
                "meta" : [ {
                  "from" : {
                    "object" : "inputs-4",
                    "edge" : "bottom"
                  },
                  "to" : {
                    "object" : "inputs-5",
                    "edge" : "top"
                  },
                  "expectedDistance" : "18px",
                  "realDistance" : "18px"
                } ],
                "highlight" : [ "inputs-4", "inputs-5" ]
              }, {
                "status" : "info",
                "place" : {
                  "filePath" : "mobileUnos.gspec",
                  "lineNumber" : 68
                },
                "name" : "below labele-4 7px",
                "meta" : [ {
                  "from" : {
                    "object" : "inputs-4",
                    "edge" : "top"
                  },
                  "to" : {
                    "object" : "labele-4",
                    "edge" : "bottom"
                  },
                  "expectedDistance" : "7px",
                  "realDistance" : "7px"
                } ],
                "highlight" : [ "inputs-4", "labele-4" ]
              }, {
                "status" : "info",
                "place" : {
                  "filePath" : "mobileUnos.gspec",
                  "lineNumber" : 69
                },
                "name" : "left-of formaZaUnos -351px",
                "meta" : [ {
                  "from" : {
                    "object" : "inputs-4",
                    "edge" : "right"
                  },
                  "to" : {
                    "object" : "formaZaUnos",
                    "edge" : "left"
                  },
                  "expectedDistance" : "-351px",
                  "realDistance" : "-351px"
                } ],
                "highlight" : [ "inputs-4", "formaZaUnos" ]
              } ]
            }, {
              "name" : "inputs-5",
              "specs" : [ {
                "status" : "info",
                "place" : {
                  "filePath" : "mobileUnos.gspec",
                  "lineNumber" : 72
                },
                "name" : "centered horizontally inside formaZaUnos 11px",
                "highlight" : [ "inputs-5", "formaZaUnos" ]
              }, {
                "status" : "info",
                "place" : {
                  "filePath" : "mobileUnos.gspec",
                  "lineNumber" : 73
                },
                "name" : "below inputs-4 18px",
                "meta" : [ {
                  "from" : {
                    "object" : "inputs-5",
                    "edge" : "top"
                  },
                  "to" : {
                    "object" : "inputs-4",
                    "edge" : "bottom"
                  },
                  "expectedDistance" : "18px",
                  "realDistance" : "18px"
                } ],
                "highlight" : [ "inputs-5", "inputs-4" ]
              }, {
                "status" : "info",
                "place" : {
                  "filePath" : "mobileUnos.gspec",
                  "lineNumber" : 74
                },
                "name" : "width 220px",
                "meta" : [ {
                  "from" : {
                    "object" : "inputs-5",
                    "edge" : "left"
                  },
                  "to" : {
                    "object" : "inputs-5",
                    "edge" : "right"
                  },
                  "expectedDistance" : "220px",
                  "realDistance" : "220px"
                } ],
                "highlight" : [ "inputs-5" ]
              }, {
                "status" : "info",
                "place" : {
                  "filePath" : "mobileUnos.gspec",
                  "lineNumber" : 75
                },
                "name" : "height 37 to 39px",
                "meta" : [ {
                  "from" : {
                    "object" : "inputs-5",
                    "edge" : "top"
                  },
                  "to" : {
                    "object" : "inputs-5",
                    "edge" : "bottom"
                  },
                  "expectedDistance" : "37 to 39px",
                  "realDistance" : "38px"
                } ],
                "highlight" : [ "inputs-5" ]
              }, {
                "status" : "info",
                "place" : {
                  "filePath" : "mobileUnos.gspec",
                  "lineNumber" : 76
                },
                "name" : "left-of formaZaUnos -351px",
                "meta" : [ {
                  "from" : {
                    "object" : "inputs-5",
                    "edge" : "right"
                  },
                  "to" : {
                    "object" : "formaZaUnos",
                    "edge" : "left"
                  },
                  "expectedDistance" : "-351px",
                  "realDistance" : "-351px"
                } ],
                "highlight" : [ "inputs-5", "formaZaUnos" ]
              } ]
            } ]
          } ],
          "objects" : {
            "inputs-2" : {
              "area" : [ 189, 430, 220, 18 ]
            },
            "labele-4" : {
              "area" : [ 189, 526, 170, 18 ]
            },
            "formaZaUnos" : {
              "area" : [ 58, 319, 471, 345 ]
            },
            "inputs-3" : {
              "area" : [ 189, 490, 220, 18 ]
            },
            "inputs-1" : {
              "area" : [ 189, 370, 220, 18 ]
            },
            "viewport" : {
              "area" : [ 0, 0, 588, 1319 ]
            },
            "labele-1" : {
              "area" : [ 189, 346, 170, 18 ]
            },
            "labele-2" : {
              "area" : [ 189, 406, 170, 18 ]
            },
            "inputs-4" : {
              "area" : [ 189, 551, 220, 18 ]
            },
            "labele-3" : {
              "area" : [ 189, 466, 170, 18 ]
            },
            "inputs-5" : {
              "area" : [ 189, 587, 220, 38 ]
            }
          },
          "screenshot" : "layout-1-screenshot.png",
          "type" : "layout"
        } ],
        "time" : 1573645288208,
        "type" : "node"
      } ],
      "time" : 1573645281208,
      "type" : "node"
    } ]
  }
}