{
  "testId" : "1-unos.gspec",
  "name" : "unos.gspec",
  "report" : {
    "nodes" : [ {
      "name" : "Simple check",
      "status" : "info",
      "nodes" : [ {
        "name" : "check  unos.gspec --url http://localhost/unos.html --size 1024x768 --htmlreport reports/unos",
        "status" : "info",
        "nodes" : [ {
          "name" : "Check layout: unos.gspec included tags: ",
          "status" : "info",
          "time" : 1573637215890,
          "sections" : [ {
            "name" : "testovi",
            "place" : {
              "filePath" : "unos.gspec",
              "lineNumber" : 8
            },
            "objects" : [ {
              "name" : "labela-1",
              "specs" : [ {
                "status" : "info",
                "place" : {
                  "filePath" : "unos.gspec",
                  "lineNumber" : 11
                },
                "name" : "inside sadrzaj",
                "meta" : [ ],
                "highlight" : [ "labela-1", "sadrzaj" ]
              }, {
                "status" : "info",
                "place" : {
                  "filePath" : "unos.gspec",
                  "lineNumber" : 12
                },
                "name" : "aligned horizontally all input-1 4px",
                "highlight" : [ "labela-1", "input-1" ]
              } ]
            }, {
              "name" : "labela-2",
              "specs" : [ {
                "status" : "info",
                "place" : {
                  "filePath" : "unos.gspec",
                  "lineNumber" : 15
                },
                "name" : "inside sadrzaj",
                "meta" : [ ],
                "highlight" : [ "labela-2", "sadrzaj" ]
              }, {
                "status" : "info",
                "place" : {
                  "filePath" : "unos.gspec",
                  "lineNumber" : 16
                },
                "name" : "aligned horizontally all input-2 4px",
                "highlight" : [ "labela-2", "input-2" ]
              } ]
            }, {
              "name" : "labela-3",
              "specs" : [ {
                "status" : "info",
                "place" : {
                  "filePath" : "unos.gspec",
                  "lineNumber" : 19
                },
                "name" : "inside sadrzaj",
                "meta" : [ ],
                "highlight" : [ "labela-3", "sadrzaj" ]
              }, {
                "status" : "info",
                "place" : {
                  "filePath" : "unos.gspec",
                  "lineNumber" : 20
                },
                "name" : "aligned horizontally all input-3 4px",
                "highlight" : [ "labela-3", "input-3" ]
              } ]
            }, {
              "name" : "labela-4",
              "specs" : [ {
                "status" : "info",
                "place" : {
                  "filePath" : "unos.gspec",
                  "lineNumber" : 23
                },
                "name" : "inside sadrzaj",
                "meta" : [ ],
                "highlight" : [ "labela-4", "sadrzaj" ]
              }, {
                "status" : "info",
                "place" : {
                  "filePath" : "unos.gspec",
                  "lineNumber" : 24
                },
                "name" : "aligned horizontally all input-4 4px",
                "highlight" : [ "labela-4", "input-4" ]
              } ]
            }, {
              "name" : "input-1",
              "specs" : [ {
                "status" : "info",
                "place" : {
                  "filePath" : "unos.gspec",
                  "lineNumber" : 27
                },
                "name" : "inside sadrzaj",
                "meta" : [ ],
                "highlight" : [ "input-1", "sadrzaj" ]
              }, {
                "status" : "info",
                "place" : {
                  "filePath" : "unos.gspec",
                  "lineNumber" : 28
                },
                "name" : "aligned horizontally all labela-1 4px",
                "highlight" : [ "input-1", "labela-1" ]
              } ]
            }, {
              "name" : "input-2",
              "specs" : [ {
                "status" : "info",
                "place" : {
                  "filePath" : "unos.gspec",
                  "lineNumber" : 31
                },
                "name" : "inside sadrzaj",
                "meta" : [ ],
                "highlight" : [ "input-2", "sadrzaj" ]
              }, {
                "status" : "info",
                "place" : {
                  "filePath" : "unos.gspec",
                  "lineNumber" : 32
                },
                "name" : "aligned horizontally all labela-2 4px",
                "highlight" : [ "input-2", "labela-2" ]
              } ]
            }, {
              "name" : "input-3",
              "specs" : [ {
                "status" : "info",
                "place" : {
                  "filePath" : "unos.gspec",
                  "lineNumber" : 35
                },
                "name" : "inside sadrzaj",
                "meta" : [ ],
                "highlight" : [ "input-3", "sadrzaj" ]
              }, {
                "status" : "info",
                "place" : {
                  "filePath" : "unos.gspec",
                  "lineNumber" : 36
                },
                "name" : "aligned horizontally all labela-3 4px",
                "highlight" : [ "input-3", "labela-3" ]
              } ]
            }, {
              "name" : "input-4",
              "specs" : [ {
                "status" : "info",
                "place" : {
                  "filePath" : "unos.gspec",
                  "lineNumber" : 39
                },
                "name" : "inside sadrzaj",
                "meta" : [ ],
                "highlight" : [ "input-4", "sadrzaj" ]
              }, {
                "status" : "info",
                "place" : {
                  "filePath" : "unos.gspec",
                  "lineNumber" : 40
                },
                "name" : "aligned horizontally all labela-4 4px",
                "highlight" : [ "input-4", "labela-4" ]
              } ]
            }, {
              "name" : "input-5",
              "specs" : [ {
                "status" : "info",
                "place" : {
                  "filePath" : "unos.gspec",
                  "lineNumber" : 43
                },
                "name" : "inside sadrzaj",
                "meta" : [ ],
                "highlight" : [ "input-5", "sadrzaj" ]
              }, {
                "status" : "info",
                "place" : {
                  "filePath" : "unos.gspec",
                  "lineNumber" : 44
                },
                "name" : "aligned vertically right input-4 1px",
                "highlight" : [ "input-5", "input-4" ]
              }, {
                "status" : "info",
                "place" : {
                  "filePath" : "unos.gspec",
                  "lineNumber" : 45
                },
                "name" : "css font-size is \"16px\"",
                "highlight" : [ "input-5" ]
              } ]
            }, {
              "name" : "meni",
              "specs" : [ {
                "status" : "info",
                "place" : {
                  "filePath" : "unos.gspec",
                  "lineNumber" : 48
                },
                "name" : "inside viewport 8px left right",
                "meta" : [ {
                  "from" : {
                    "object" : "meni",
                    "edge" : "left"
                  },
                  "to" : {
                    "object" : "viewport",
                    "edge" : "left"
                  },
                  "expectedDistance" : "8px",
                  "realDistance" : "8px"
                }, {
                  "from" : {
                    "object" : "meni",
                    "edge" : "right"
                  },
                  "to" : {
                    "object" : "viewport",
                    "edge" : "right"
                  },
                  "expectedDistance" : "8px",
                  "realDistance" : "8px"
                } ],
                "highlight" : [ "meni", "viewport" ]
              }, {
                "status" : "info",
                "place" : {
                  "filePath" : "unos.gspec",
                  "lineNumber" : 49
                },
                "name" : "above sadrzaj",
                "meta" : [ {
                  "from" : {
                    "object" : "meni",
                    "edge" : "bottom"
                  },
                  "to" : {
                    "object" : "sadrzaj",
                    "edge" : "top"
                  },
                  "expectedDistance" : ">= 0px",
                  "realDistance" : "16px"
                } ],
                "highlight" : [ "meni", "sadrzaj" ]
              }, {
                "status" : "info",
                "place" : {
                  "filePath" : "unos.gspec",
                  "lineNumber" : 50
                },
                "name" : "height 148px",
                "meta" : [ {
                  "from" : {
                    "object" : "meni",
                    "edge" : "top"
                  },
                  "to" : {
                    "object" : "meni",
                    "edge" : "bottom"
                  },
                  "expectedDistance" : "148px",
                  "realDistance" : "148px"
                } ],
                "highlight" : [ "meni" ]
              }, {
                "status" : "info",
                "place" : {
                  "filePath" : "unos.gspec",
                  "lineNumber" : 51
                },
                "name" : "centered horizontally inside viewport 1px",
                "highlight" : [ "meni", "viewport" ]
              } ]
            }, {
              "name" : "logo",
              "specs" : [ {
                "status" : "info",
                "place" : {
                  "filePath" : "unos.gspec",
                  "lineNumber" : 54
                },
                "name" : "width 979px",
                "meta" : [ {
                  "from" : {
                    "object" : "logo",
                    "edge" : "left"
                  },
                  "to" : {
                    "object" : "logo",
                    "edge" : "right"
                  },
                  "expectedDistance" : "979px",
                  "realDistance" : "979px"
                } ],
                "highlight" : [ "logo" ]
              }, {
                "status" : "info",
                "place" : {
                  "filePath" : "unos.gspec",
                  "lineNumber" : 55
                },
                "name" : "height 100px",
                "meta" : [ {
                  "from" : {
                    "object" : "logo",
                    "edge" : "top"
                  },
                  "to" : {
                    "object" : "logo",
                    "edge" : "bottom"
                  },
                  "expectedDistance" : "100px",
                  "realDistance" : "100px"
                } ],
                "highlight" : [ "logo" ]
              }, {
                "status" : "info",
                "place" : {
                  "filePath" : "unos.gspec",
                  "lineNumber" : 56
                },
                "name" : "inside viewport",
                "meta" : [ ],
                "highlight" : [ "logo", "viewport" ]
              }, {
                "status" : "info",
                "place" : {
                  "filePath" : "unos.gspec",
                  "lineNumber" : 57
                },
                "name" : "centered horizontally inside meni",
                "highlight" : [ "logo", "meni" ]
              } ]
            }, {
              "name" : "sadrzaj",
              "specs" : [ {
                "status" : "info",
                "place" : {
                  "filePath" : "unos.gspec",
                  "lineNumber" : 60
                },
                "name" : "centered horizontally inside viewport",
                "highlight" : [ "sadrzaj", "viewport" ]
              }, {
                "status" : "info",
                "place" : {
                  "filePath" : "unos.gspec",
                  "lineNumber" : 61
                },
                "name" : "below meni",
                "meta" : [ {
                  "from" : {
                    "object" : "sadrzaj",
                    "edge" : "top"
                  },
                  "to" : {
                    "object" : "meni",
                    "edge" : "bottom"
                  },
                  "expectedDistance" : ">= 0px",
                  "realDistance" : "16px"
                } ],
                "highlight" : [ "sadrzaj", "meni" ]
              } ]
            } ]
          } ],
          "objects" : {
            "meni" : {
              "area" : [ 8, 60, 979, 148 ]
            },
            "labela-1" : {
              "area" : [ 349, 255, 120, 18 ]
            },
            "input-1" : {
              "area" : [ 473, 254, 172, 22 ]
            },
            "labela-2" : {
              "area" : [ 349, 295, 120, 18 ]
            },
            "input-2" : {
              "area" : [ 473, 294, 166, 22 ]
            },
            "labela-3" : {
              "area" : [ 349, 335, 120, 18 ]
            },
            "labela-4" : {
              "area" : [ 349, 375, 120, 18 ]
            },
            "sadrzaj" : {
              "area" : [ 8, 224, 979, 618 ]
            },
            "input-3" : {
              "area" : [ 473, 334, 172, 22 ]
            },
            "input-4" : {
              "area" : [ 473, 374, 172, 22 ]
            },
            "viewport" : {
              "area" : [ 0, 0, 995, 687 ]
            },
            "input-5" : {
              "area" : [ 580, 414, 64, 23 ]
            },
            "logo" : {
              "area" : [ 8, 60, 979, 100 ]
            }
          },
          "screenshot" : "layout-1-screenshot.png",
          "type" : "layout"
        } ],
        "time" : 1573637213224,
        "type" : "node"
      } ],
      "time" : 1573637201767,
      "type" : "node"
    } ]
  }
}