{
  "testId" : "1-unos.gspec",
  "name" : "unos.gspec",
  "report" : {
    "nodes" : [ {
      "name" : "Simple check",
      "status" : "info",
      "nodes" : [ {
        "name" : "check  unos.gspec --url C:/Users/dino/Desktop/WT%20SPIRALA%20%20pokusaj2/unos.html --size 1300x800 --htmlreport reports",
        "status" : "info",
        "nodes" : [ {
          "name" : "Check layout: unos.gspec included tags: ",
          "status" : "info",
          "time" : 1573671776691,
          "sections" : [ {
            "name" : "Meni",
            "place" : {
              "filePath" : "unos.gspec",
              "lineNumber" : 8
            },
            "objects" : [ {
              "name" : "header",
              "specs" : [ {
                "status" : "info",
                "place" : {
                  "filePath" : "unos.gspec",
                  "lineNumber" : 10
                },
                "name" : "contains meni",
                "highlight" : [ "header", "meni" ]
              } ]
            } ]
          }, {
            "name" : "Logo",
            "place" : {
              "filePath" : "unos.gspec",
              "lineNumber" : 12
            },
            "objects" : [ {
              "name" : "logo",
              "specs" : [ {
                "status" : "info",
                "place" : {
                  "filePath" : "unos.gspec",
                  "lineNumber" : 14
                },
                "name" : "centered horizontally on header",
                "highlight" : [ "logo", "header" ]
              } ]
            } ]
          }, {
            "name" : "Labele",
            "place" : {
              "filePath" : "unos.gspec",
              "lineNumber" : 16
            },
            "objects" : [ {
              "name" : "labele-1",
              "specs" : [ {
                "status" : "info",
                "place" : {
                  "filePath" : "unos.gspec",
                  "lineNumber" : 18
                },
                "name" : "left-of inputi-1",
                "meta" : [ {
                  "from" : {
                    "object" : "labele-1",
                    "edge" : "right"
                  },
                  "to" : {
                    "object" : "inputi-1",
                    "edge" : "left"
                  },
                  "expectedDistance" : ">= 0px",
                  "realDistance" : "4px"
                } ],
                "highlight" : [ "labele-1", "inputi-1" ]
              } ]
            }, {
              "name" : "labele-2",
              "specs" : [ {
                "status" : "info",
                "place" : {
                  "filePath" : "unos.gspec",
                  "lineNumber" : 20
                },
                "name" : "left-of inputi-2",
                "meta" : [ {
                  "from" : {
                    "object" : "labele-2",
                    "edge" : "right"
                  },
                  "to" : {
                    "object" : "inputi-2",
                    "edge" : "left"
                  },
                  "expectedDistance" : ">= 0px",
                  "realDistance" : "4px"
                } ],
                "highlight" : [ "labele-2", "inputi-2" ]
              } ]
            }, {
              "name" : "labele-3",
              "specs" : [ {
                "status" : "info",
                "place" : {
                  "filePath" : "unos.gspec",
                  "lineNumber" : 22
                },
                "name" : "left-of inputi-3",
                "meta" : [ {
                  "from" : {
                    "object" : "labele-3",
                    "edge" : "right"
                  },
                  "to" : {
                    "object" : "inputi-3",
                    "edge" : "left"
                  },
                  "expectedDistance" : ">= 0px",
                  "realDistance" : "4px"
                } ],
                "highlight" : [ "labele-3", "inputi-3" ]
              } ]
            }, {
              "name" : "labele-4",
              "specs" : [ {
                "status" : "info",
                "place" : {
                  "filePath" : "unos.gspec",
                  "lineNumber" : 24
                },
                "name" : "left-of inputi-4",
                "meta" : [ {
                  "from" : {
                    "object" : "labele-4",
                    "edge" : "right"
                  },
                  "to" : {
                    "object" : "inputi-4",
                    "edge" : "left"
                  },
                  "expectedDistance" : ">= 0px",
                  "realDistance" : "4px"
                } ],
                "highlight" : [ "labele-4", "inputi-4" ]
              } ]
            } ]
          }, {
            "name" : "Inputi",
            "place" : {
              "filePath" : "unos.gspec",
              "lineNumber" : 26
            },
            "objects" : [ {
              "name" : "inputi-2",
              "specs" : [ {
                "status" : "info",
                "place" : {
                  "filePath" : "unos.gspec",
                  "lineNumber" : 28
                },
                "name" : "below inputi-1",
                "meta" : [ {
                  "from" : {
                    "object" : "inputi-2",
                    "edge" : "top"
                  },
                  "to" : {
                    "object" : "inputi-1",
                    "edge" : "bottom"
                  },
                  "expectedDistance" : ">= 0px",
                  "realDistance" : "0px"
                } ],
                "highlight" : [ "inputi-2", "inputi-1" ]
              } ]
            }, {
              "name" : "inputi-3",
              "specs" : [ {
                "status" : "info",
                "place" : {
                  "filePath" : "unos.gspec",
                  "lineNumber" : 30
                },
                "name" : "below inputi-2",
                "meta" : [ {
                  "from" : {
                    "object" : "inputi-3",
                    "edge" : "top"
                  },
                  "to" : {
                    "object" : "inputi-2",
                    "edge" : "bottom"
                  },
                  "expectedDistance" : ">= 0px",
                  "realDistance" : "0px"
                } ],
                "highlight" : [ "inputi-3", "inputi-2" ]
              } ]
            }, {
              "name" : "inputi-4",
              "specs" : [ {
                "status" : "info",
                "place" : {
                  "filePath" : "unos.gspec",
                  "lineNumber" : 32
                },
                "name" : "below inputi-3",
                "meta" : [ {
                  "from" : {
                    "object" : "inputi-4",
                    "edge" : "top"
                  },
                  "to" : {
                    "object" : "inputi-3",
                    "edge" : "bottom"
                  },
                  "expectedDistance" : ">= 0px",
                  "realDistance" : "0px"
                } ],
                "highlight" : [ "inputi-4", "inputi-3" ]
              } ]
            }, {
              "name" : "inputi-5",
              "specs" : [ {
                "status" : "info",
                "place" : {
                  "filePath" : "unos.gspec",
                  "lineNumber" : 34
                },
                "name" : "below inputi-4",
                "meta" : [ {
                  "from" : {
                    "object" : "inputi-5",
                    "edge" : "top"
                  },
                  "to" : {
                    "object" : "inputi-4",
                    "edge" : "bottom"
                  },
                  "expectedDistance" : ">= 0px",
                  "realDistance" : "0px"
                } ],
                "highlight" : [ "inputi-5", "inputi-4" ]
              } ]
            } ]
          } ],
          "objects" : {
            "meni" : {
              "area" : [ 0, 147, 279, 28 ]
            },
            "labele-4" : {
              "area" : [ 5, 249, 150, 18 ]
            },
            "inputi-4" : {
              "area" : [ 159, 248, 173, 21 ]
            },
            "header" : {
              "area" : [ 0, 70, 1267, 105 ]
            },
            "logo" : {
              "area" : [ 0, 175, 1267, 0 ]
            },
            "inputi-5" : {
              "area" : [ 159, 269, 47, 21 ]
            },
            "inputi-2" : {
              "area" : [ 159, 206, 173, 21 ]
            },
            "inputi-3" : {
              "area" : [ 159, 227, 173, 21 ]
            },
            "labele-1" : {
              "area" : [ 5, 186, 150, 18 ]
            },
            "inputi-1" : {
              "area" : [ 159, 185, 173, 21 ]
            },
            "labele-2" : {
              "area" : [ 5, 207, 150, 18 ]
            },
            "labele-3" : {
              "area" : [ 5, 228, 150, 18 ]
            }
          },
          "screenshot" : "layout-1-screenshot.png",
          "type" : "layout"
        } ],
        "time" : 1573671768280,
        "type" : "node"
      } ],
      "time" : 1573671752173,
      "type" : "node"
    } ]
  }
}