{
  "testId" : "1-mobilesale.gspec",
  "name" : "mobileSale.gspec",
  "report" : {
    "nodes" : [ {
      "name" : "Simple check",
      "status" : "info",
      "nodes" : [ {
        "name" : "check  mobileSale.gspec --url http://localhost/sale.html --size 600x600 --htmlreport reports/mobileSale",
        "status" : "info",
        "nodes" : [ {
          "name" : "Check layout: mobileSale.gspec included tags: ",
          "status" : "info",
          "time" : 1573655104400,
          "sections" : [ {
            "name" : "testovi",
            "place" : {
              "filePath" : "mobileSale.gspec",
              "lineNumber" : 13
            },
            "objects" : [ {
              "name" : "stranica-1",
              "specs" : [ {
                "status" : "info",
                "place" : {
                  "filePath" : "mobileSale.gspec",
                  "lineNumber" : 16
                },
                "name" : "inside meni",
                "meta" : [ ],
                "highlight" : [ "stranica-1", "meni" ]
              }, {
                "status" : "info",
                "place" : {
                  "filePath" : "mobileSale.gspec",
                  "lineNumber" : 17
                },
                "name" : "above stranica-2",
                "meta" : [ {
                  "from" : {
                    "object" : "stranica-1",
                    "edge" : "bottom"
                  },
                  "to" : {
                    "object" : "stranica-2",
                    "edge" : "top"
                  },
                  "expectedDistance" : ">= 0px",
                  "realDistance" : "0px"
                } ],
                "highlight" : [ "stranica-1", "stranica-2" ]
              }, {
                "status" : "info",
                "place" : {
                  "filePath" : "mobileSale.gspec",
                  "lineNumber" : 18
                },
                "name" : "text is \"Po�?etna\"",
                "highlight" : [ "stranica-1" ]
              } ]
            }, {
              "name" : "stranica-2",
              "specs" : [ {
                "status" : "info",
                "place" : {
                  "filePath" : "mobileSale.gspec",
                  "lineNumber" : 21
                },
                "name" : "inside meni",
                "meta" : [ ],
                "highlight" : [ "stranica-2", "meni" ]
              }, {
                "status" : "info",
                "place" : {
                  "filePath" : "mobileSale.gspec",
                  "lineNumber" : 22
                },
                "name" : "above stranica-3",
                "meta" : [ {
                  "from" : {
                    "object" : "stranica-2",
                    "edge" : "bottom"
                  },
                  "to" : {
                    "object" : "stranica-3",
                    "edge" : "top"
                  },
                  "expectedDistance" : ">= 0px",
                  "realDistance" : "0px"
                } ],
                "highlight" : [ "stranica-2", "stranica-3" ]
              }, {
                "status" : "info",
                "place" : {
                  "filePath" : "mobileSale.gspec",
                  "lineNumber" : 23
                },
                "name" : "text is \"Sale\"",
                "highlight" : [ "stranica-2" ]
              } ]
            }, {
              "name" : "stranica-3",
              "specs" : [ {
                "status" : "info",
                "place" : {
                  "filePath" : "mobileSale.gspec",
                  "lineNumber" : 26
                },
                "name" : "inside meni",
                "meta" : [ ],
                "highlight" : [ "stranica-3", "meni" ]
              }, {
                "status" : "info",
                "place" : {
                  "filePath" : "mobileSale.gspec",
                  "lineNumber" : 27
                },
                "name" : "above stranica-4",
                "meta" : [ {
                  "from" : {
                    "object" : "stranica-3",
                    "edge" : "bottom"
                  },
                  "to" : {
                    "object" : "stranica-4",
                    "edge" : "top"
                  },
                  "expectedDistance" : ">= 0px",
                  "realDistance" : "0px"
                } ],
                "highlight" : [ "stranica-3", "stranica-4" ]
              }, {
                "status" : "info",
                "place" : {
                  "filePath" : "mobileSale.gspec",
                  "lineNumber" : 28
                },
                "name" : "text is \"Unos\"",
                "highlight" : [ "stranica-3" ]
              } ]
            }, {
              "name" : "stranica-4",
              "specs" : [ {
                "status" : "info",
                "place" : {
                  "filePath" : "mobileSale.gspec",
                  "lineNumber" : 31
                },
                "name" : "inside meni",
                "meta" : [ ],
                "highlight" : [ "stranica-4", "meni" ]
              }, {
                "status" : "info",
                "place" : {
                  "filePath" : "mobileSale.gspec",
                  "lineNumber" : 32
                },
                "name" : "above stranica-5",
                "meta" : [ {
                  "from" : {
                    "object" : "stranica-4",
                    "edge" : "bottom"
                  },
                  "to" : {
                    "object" : "stranica-5",
                    "edge" : "top"
                  },
                  "expectedDistance" : ">= 0px",
                  "realDistance" : "1px"
                } ],
                "highlight" : [ "stranica-4", "stranica-5" ]
              }, {
                "status" : "info",
                "place" : {
                  "filePath" : "mobileSale.gspec",
                  "lineNumber" : 33
                },
                "name" : "text is \"Rezervacije\"",
                "highlight" : [ "stranica-4" ]
              } ]
            }, {
              "name" : "stranica-5",
              "specs" : [ {
                "status" : "info",
                "place" : {
                  "filePath" : "mobileSale.gspec",
                  "lineNumber" : 36
                },
                "name" : "inside meni",
                "meta" : [ ],
                "highlight" : [ "stranica-5", "meni" ]
              }, {
                "status" : "info",
                "place" : {
                  "filePath" : "mobileSale.gspec",
                  "lineNumber" : 37
                },
                "name" : "below stranica-4",
                "meta" : [ {
                  "from" : {
                    "object" : "stranica-5",
                    "edge" : "top"
                  },
                  "to" : {
                    "object" : "stranica-4",
                    "edge" : "bottom"
                  },
                  "expectedDistance" : ">= 0px",
                  "realDistance" : "1px"
                } ],
                "highlight" : [ "stranica-5", "stranica-4" ]
              }, {
                "status" : "info",
                "place" : {
                  "filePath" : "mobileSale.gspec",
                  "lineNumber" : 38
                },
                "name" : "text is \"Osobe\"",
                "highlight" : [ "stranica-5" ]
              } ]
            }, {
              "name" : "sadrzaj",
              "specs" : [ {
                "status" : "info",
                "place" : {
                  "filePath" : "mobileSale.gspec",
                  "lineNumber" : 41
                },
                "name" : "width 555px",
                "meta" : [ {
                  "from" : {
                    "object" : "sadrzaj",
                    "edge" : "left"
                  },
                  "to" : {
                    "object" : "sadrzaj",
                    "edge" : "right"
                  },
                  "expectedDistance" : "555px",
                  "realDistance" : "555px"
                } ],
                "highlight" : [ "sadrzaj" ]
              }, {
                "status" : "info",
                "place" : {
                  "filePath" : "mobileSale.gspec",
                  "lineNumber" : 42
                },
                "name" : "height 306px",
                "meta" : [ {
                  "from" : {
                    "object" : "sadrzaj",
                    "edge" : "top"
                  },
                  "to" : {
                    "object" : "sadrzaj",
                    "edge" : "bottom"
                  },
                  "expectedDistance" : "306px",
                  "realDistance" : "306px"
                } ],
                "highlight" : [ "sadrzaj" ]
              } ]
            }, {
              "name" : "meni",
              "specs" : [ {
                "status" : "info",
                "place" : {
                  "filePath" : "mobileSale.gspec",
                  "lineNumber" : 45
                },
                "name" : "above sadrzaj 16px",
                "meta" : [ {
                  "from" : {
                    "object" : "meni",
                    "edge" : "bottom"
                  },
                  "to" : {
                    "object" : "sadrzaj",
                    "edge" : "top"
                  },
                  "expectedDistance" : "16px",
                  "realDistance" : "16px"
                } ],
                "highlight" : [ "meni", "sadrzaj" ]
              }, {
                "status" : "info",
                "place" : {
                  "filePath" : "mobileSale.gspec",
                  "lineNumber" : 46
                },
                "name" : "inside viewport 60px top, 8px left right",
                "meta" : [ {
                  "from" : {
                    "object" : "meni",
                    "edge" : "top"
                  },
                  "to" : {
                    "object" : "viewport",
                    "edge" : "top"
                  },
                  "expectedDistance" : "60px",
                  "realDistance" : "60px"
                }, {
                  "from" : {
                    "object" : "meni",
                    "edge" : "left"
                  },
                  "to" : {
                    "object" : "viewport",
                    "edge" : "left"
                  },
                  "expectedDistance" : "8px",
                  "realDistance" : "8px"
                }, {
                  "from" : {
                    "object" : "meni",
                    "edge" : "right"
                  },
                  "to" : {
                    "object" : "viewport",
                    "edge" : "right"
                  },
                  "expectedDistance" : "8px",
                  "realDistance" : "8px"
                } ],
                "highlight" : [ "meni", "viewport" ]
              } ]
            }, {
              "name" : "lista",
              "specs" : [ {
                "status" : "info",
                "place" : {
                  "filePath" : "mobileSale.gspec",
                  "lineNumber" : 49
                },
                "name" : "below logo 16px",
                "meta" : [ {
                  "from" : {
                    "object" : "lista",
                    "edge" : "top"
                  },
                  "to" : {
                    "object" : "logo",
                    "edge" : "bottom"
                  },
                  "expectedDistance" : "16px",
                  "realDistance" : "16px"
                } ],
                "highlight" : [ "lista", "logo" ]
              }, {
                "status" : "info",
                "place" : {
                  "filePath" : "mobileSale.gspec",
                  "lineNumber" : 50
                },
                "name" : "height 149px",
                "meta" : [ {
                  "from" : {
                    "object" : "lista",
                    "edge" : "top"
                  },
                  "to" : {
                    "object" : "lista",
                    "edge" : "bottom"
                  },
                  "expectedDistance" : "149px",
                  "realDistance" : "149px"
                } ],
                "highlight" : [ "lista" ]
              }, {
                "status" : "info",
                "place" : {
                  "filePath" : "mobileSale.gspec",
                  "lineNumber" : 51
                },
                "name" : "inside meni 0px left right bottom",
                "meta" : [ {
                  "from" : {
                    "object" : "lista",
                    "edge" : "left"
                  },
                  "to" : {
                    "object" : "meni",
                    "edge" : "left"
                  },
                  "expectedDistance" : "0px",
                  "realDistance" : "0px"
                }, {
                  "from" : {
                    "object" : "lista",
                    "edge" : "right"
                  },
                  "to" : {
                    "object" : "meni",
                    "edge" : "right"
                  },
                  "expectedDistance" : "0px",
                  "realDistance" : "0px"
                }, {
                  "from" : {
                    "object" : "lista",
                    "edge" : "bottom"
                  },
                  "to" : {
                    "object" : "meni",
                    "edge" : "bottom"
                  },
                  "expectedDistance" : "0px",
                  "realDistance" : "0px"
                } ],
                "highlight" : [ "lista", "meni" ]
              }, {
                "status" : "info",
                "place" : {
                  "filePath" : "mobileSale.gspec",
                  "lineNumber" : 57
                },
                "name" : "centered horizontally inside meni 1px",
                "highlight" : [ "lista", "meni" ]
              } ]
            }, {
              "name" : "logo",
              "specs" : [ {
                "status" : "info",
                "place" : {
                  "filePath" : "mobileSale.gspec",
                  "lineNumber" : 54
                },
                "name" : "inside meni 0px top left right",
                "meta" : [ {
                  "from" : {
                    "object" : "logo",
                    "edge" : "top"
                  },
                  "to" : {
                    "object" : "meni",
                    "edge" : "top"
                  },
                  "expectedDistance" : "0px",
                  "realDistance" : "0px"
                }, {
                  "from" : {
                    "object" : "logo",
                    "edge" : "left"
                  },
                  "to" : {
                    "object" : "meni",
                    "edge" : "left"
                  },
                  "expectedDistance" : "0px",
                  "realDistance" : "0px"
                }, {
                  "from" : {
                    "object" : "logo",
                    "edge" : "right"
                  },
                  "to" : {
                    "object" : "meni",
                    "edge" : "right"
                  },
                  "expectedDistance" : "0px",
                  "realDistance" : "0px"
                } ],
                "highlight" : [ "logo", "meni" ]
              }, {
                "status" : "info",
                "place" : {
                  "filePath" : "mobileSale.gspec",
                  "lineNumber" : 57
                },
                "name" : "centered horizontally inside meni 1px",
                "highlight" : [ "logo", "meni" ]
              }, {
                "status" : "info",
                "place" : {
                  "filePath" : "mobileSale.gspec",
                  "lineNumber" : 68
                },
                "name" : "width 555px",
                "meta" : [ {
                  "from" : {
                    "object" : "logo",
                    "edge" : "left"
                  },
                  "to" : {
                    "object" : "logo",
                    "edge" : "right"
                  },
                  "expectedDistance" : "555px",
                  "realDistance" : "555px"
                } ],
                "highlight" : [ "logo" ]
              }, {
                "status" : "info",
                "place" : {
                  "filePath" : "mobileSale.gspec",
                  "lineNumber" : 69
                },
                "name" : "height 100px",
                "meta" : [ {
                  "from" : {
                    "object" : "logo",
                    "edge" : "top"
                  },
                  "to" : {
                    "object" : "logo",
                    "edge" : "bottom"
                  },
                  "expectedDistance" : "100px",
                  "realDistance" : "100px"
                } ],
                "highlight" : [ "logo" ]
              }, {
                "status" : "info",
                "place" : {
                  "filePath" : "mobileSale.gspec",
                  "lineNumber" : 70
                },
                "name" : "centered horizontally inside meni",
                "highlight" : [ "logo", "meni" ]
              } ]
            }, {
              "name" : "zauzeta-1",
              "specs" : [ {
                "status" : "info",
                "place" : {
                  "filePath" : "mobileSale.gspec",
                  "lineNumber" : 60
                },
                "name" : "above slobodna-1 30px",
                "meta" : [ {
                  "from" : {
                    "object" : "zauzeta-1",
                    "edge" : "bottom"
                  },
                  "to" : {
                    "object" : "slobodna-1",
                    "edge" : "top"
                  },
                  "expectedDistance" : "30px",
                  "realDistance" : "30px"
                } ],
                "highlight" : [ "zauzeta-1", "slobodna-1" ]
              }, {
                "status" : "info",
                "place" : {
                  "filePath" : "mobileSale.gspec",
                  "lineNumber" : 63
                },
                "name" : "height 30px",
                "meta" : [ {
                  "from" : {
                    "object" : "zauzeta-1",
                    "edge" : "top"
                  },
                  "to" : {
                    "object" : "zauzeta-1",
                    "edge" : "bottom"
                  },
                  "expectedDistance" : "30px",
                  "realDistance" : "30px"
                } ],
                "highlight" : [ "zauzeta-1" ]
              }, {
                "status" : "info",
                "place" : {
                  "filePath" : "mobileSale.gspec",
                  "lineNumber" : 64
                },
                "name" : "inside sadrzaj",
                "meta" : [ ],
                "highlight" : [ "zauzeta-1", "sadrzaj" ]
              }, {
                "status" : "info",
                "place" : {
                  "filePath" : "mobileSale.gspec",
                  "lineNumber" : 65
                },
                "name" : "width 52px",
                "meta" : [ {
                  "from" : {
                    "object" : "zauzeta-1",
                    "edge" : "left"
                  },
                  "to" : {
                    "object" : "zauzeta-1",
                    "edge" : "right"
                  },
                  "expectedDistance" : "52px",
                  "realDistance" : "52px"
                } ],
                "highlight" : [ "zauzeta-1" ]
              } ]
            }, {
              "name" : "slobodna-1",
              "specs" : [ {
                "status" : "info",
                "place" : {
                  "filePath" : "mobileSale.gspec",
                  "lineNumber" : 63
                },
                "name" : "height 30px",
                "meta" : [ {
                  "from" : {
                    "object" : "slobodna-1",
                    "edge" : "top"
                  },
                  "to" : {
                    "object" : "slobodna-1",
                    "edge" : "bottom"
                  },
                  "expectedDistance" : "30px",
                  "realDistance" : "30px"
                } ],
                "highlight" : [ "slobodna-1" ]
              }, {
                "status" : "info",
                "place" : {
                  "filePath" : "mobileSale.gspec",
                  "lineNumber" : 64
                },
                "name" : "inside sadrzaj",
                "meta" : [ ],
                "highlight" : [ "slobodna-1", "sadrzaj" ]
              }, {
                "status" : "info",
                "place" : {
                  "filePath" : "mobileSale.gspec",
                  "lineNumber" : 65
                },
                "name" : "width 52px",
                "meta" : [ {
                  "from" : {
                    "object" : "slobodna-1",
                    "edge" : "left"
                  },
                  "to" : {
                    "object" : "slobodna-1",
                    "edge" : "right"
                  },
                  "expectedDistance" : "52px",
                  "realDistance" : "52px"
                } ],
                "highlight" : [ "slobodna-1" ]
              } ]
            } ]
          } ],
          "objects" : {
            "stranica-1" : {
              "area" : [ 48, 176, 515, 28 ]
            },
            "meni" : {
              "area" : [ 8, 60, 555, 265 ]
            },
            "lista" : {
              "area" : [ 8, 176, 555, 149 ]
            },
            "stranica-3" : {
              "area" : [ 48, 232, 515, 28 ]
            },
            "stranica-2" : {
              "area" : [ 48, 204, 515, 28 ]
            },
            "viewport" : {
              "area" : [ 0, 0, 571, 519 ]
            },
            "zauzeta-1" : {
              "area" : [ 363, 360, 52, 30 ]
            },
            "slobodna-1" : {
              "area" : [ 363, 420, 52, 30 ]
            },
            "logo" : {
              "area" : [ 8, 60, 555, 100 ]
            },
            "stranica-5" : {
              "area" : [ 48, 289, 515, 28 ]
            },
            "stranica-4" : {
              "area" : [ 48, 260, 515, 28 ]
            },
            "sadrzaj" : {
              "area" : [ 8, 341, 555, 306 ]
            }
          },
          "screenshot" : "layout-1-screenshot.png",
          "type" : "layout"
        } ],
        "time" : 1573655101942,
        "type" : "node"
      } ],
      "time" : 1573655095162,
      "type" : "node"
    } ]
  }
}