{
  "testId" : "1-rezervacija.gspec",
  "name" : "rezervacija.gspec",
  "report" : {
    "nodes" : [ {
      "name" : "Simple check",
      "status" : "info",
      "nodes" : [ {
        "name" : "check  rezervacija.gspec --url http://localhost/rezervacija.html --size 1583x1400 --htmlreport reports/rezervacija",
        "status" : "info",
        "nodes" : [ {
          "name" : "Check layout: rezervacija.gspec included tags: ",
          "status" : "info",
          "time" : 1573645190012,
          "sections" : [ {
            "name" : "forma",
            "place" : {
              "filePath" : "rezervacija.gspec",
              "lineNumber" : 13
            },
            "objects" : [ {
              "name" : "formaZaUnos",
              "specs" : [ {
                "status" : "info",
                "place" : {
                  "filePath" : "rezervacija.gspec",
                  "lineNumber" : 15
                },
                "name" : "centered vertically inside sadrzaj",
                "highlight" : [ "formaZaUnos", "sadrzaj" ]
              }, {
                "status" : "info",
                "place" : {
                  "filePath" : "rezervacija.gspec",
                  "lineNumber" : 16
                },
                "name" : "width 473 to 475px",
                "meta" : [ {
                  "from" : {
                    "object" : "formaZaUnos",
                    "edge" : "left"
                  },
                  "to" : {
                    "object" : "formaZaUnos",
                    "edge" : "right"
                  },
                  "expectedDistance" : "473 to 475px",
                  "realDistance" : "474px"
                } ],
                "highlight" : [ "formaZaUnos" ]
              }, {
                "status" : "info",
                "place" : {
                  "filePath" : "rezervacija.gspec",
                  "lineNumber" : 17
                },
                "name" : "height 285 to 287px",
                "meta" : [ {
                  "from" : {
                    "object" : "formaZaUnos",
                    "edge" : "top"
                  },
                  "to" : {
                    "object" : "formaZaUnos",
                    "edge" : "bottom"
                  },
                  "expectedDistance" : "285 to 287px",
                  "realDistance" : "286px"
                } ],
                "highlight" : [ "formaZaUnos" ]
              }, {
                "status" : "info",
                "place" : {
                  "filePath" : "rezervacija.gspec",
                  "lineNumber" : 18
                },
                "name" : "left-of kalendar 116 to 118px",
                "meta" : [ {
                  "from" : {
                    "object" : "formaZaUnos",
                    "edge" : "right"
                  },
                  "to" : {
                    "object" : "kalendar",
                    "edge" : "left"
                  },
                  "expectedDistance" : "116 to 118px",
                  "realDistance" : "117px"
                } ],
                "highlight" : [ "formaZaUnos", "kalendar" ]
              } ]
            }, {
              "name" : "labels-1",
              "specs" : [ {
                "status" : "info",
                "place" : {
                  "filePath" : "rezervacija.gspec",
                  "lineNumber" : 21
                },
                "name" : "width 103 to 105px",
                "meta" : [ {
                  "from" : {
                    "object" : "labels-1",
                    "edge" : "left"
                  },
                  "to" : {
                    "object" : "labels-1",
                    "edge" : "right"
                  },
                  "expectedDistance" : "103 to 105px",
                  "realDistance" : "104px"
                } ],
                "highlight" : [ "labels-1" ]
              }, {
                "status" : "info",
                "place" : {
                  "filePath" : "rezervacija.gspec",
                  "lineNumber" : 22
                },
                "name" : "height 17px",
                "meta" : [ {
                  "from" : {
                    "object" : "labels-1",
                    "edge" : "top"
                  },
                  "to" : {
                    "object" : "labels-1",
                    "edge" : "bottom"
                  },
                  "expectedDistance" : "17px",
                  "realDistance" : "17px"
                } ],
                "highlight" : [ "labels-1" ]
              }, {
                "status" : "info",
                "place" : {
                  "filePath" : "rezervacija.gspec",
                  "lineNumber" : 23
                },
                "name" : "left-of listaSala 54px",
                "meta" : [ {
                  "from" : {
                    "object" : "labels-1",
                    "edge" : "right"
                  },
                  "to" : {
                    "object" : "listaSala",
                    "edge" : "left"
                  },
                  "expectedDistance" : "54px",
                  "realDistance" : "54px"
                } ],
                "highlight" : [ "labels-1", "listaSala" ]
              }, {
                "status" : "info",
                "place" : {
                  "filePath" : "rezervacija.gspec",
                  "lineNumber" : 24
                },
                "name" : "above labels-2 19px",
                "meta" : [ {
                  "from" : {
                    "object" : "labels-1",
                    "edge" : "bottom"
                  },
                  "to" : {
                    "object" : "labels-2",
                    "edge" : "top"
                  },
                  "expectedDistance" : "19px",
                  "realDistance" : "19px"
                } ],
                "highlight" : [ "labels-1", "labels-2" ]
              } ]
            }, {
              "name" : "labels-2",
              "specs" : [ {
                "status" : "info",
                "place" : {
                  "filePath" : "rezervacija.gspec",
                  "lineNumber" : 27
                },
                "name" : "width 57px",
                "meta" : [ {
                  "from" : {
                    "object" : "labels-2",
                    "edge" : "left"
                  },
                  "to" : {
                    "object" : "labels-2",
                    "edge" : "right"
                  },
                  "expectedDistance" : "57px",
                  "realDistance" : "57px"
                } ],
                "highlight" : [ "labels-2" ]
              }, {
                "status" : "info",
                "place" : {
                  "filePath" : "rezervacija.gspec",
                  "lineNumber" : 28
                },
                "name" : "height 17px",
                "meta" : [ {
                  "from" : {
                    "object" : "labels-2",
                    "edge" : "top"
                  },
                  "to" : {
                    "object" : "labels-2",
                    "edge" : "bottom"
                  },
                  "expectedDistance" : "17px",
                  "realDistance" : "17px"
                } ],
                "highlight" : [ "labels-2" ]
              }, {
                "status" : "info",
                "place" : {
                  "filePath" : "rezervacija.gspec",
                  "lineNumber" : 29
                },
                "name" : "left-of inputs-1 100 to 102px",
                "meta" : [ {
                  "from" : {
                    "object" : "labels-2",
                    "edge" : "right"
                  },
                  "to" : {
                    "object" : "inputs-1",
                    "edge" : "left"
                  },
                  "expectedDistance" : "100 to 102px",
                  "realDistance" : "101px"
                } ],
                "highlight" : [ "labels-2", "inputs-1" ]
              }, {
                "status" : "info",
                "place" : {
                  "filePath" : "rezervacija.gspec",
                  "lineNumber" : 30
                },
                "name" : "above labels-3 19px",
                "meta" : [ {
                  "from" : {
                    "object" : "labels-2",
                    "edge" : "bottom"
                  },
                  "to" : {
                    "object" : "labels-3",
                    "edge" : "top"
                  },
                  "expectedDistance" : "19px",
                  "realDistance" : "19px"
                } ],
                "highlight" : [ "labels-2", "labels-3" ]
              } ]
            }, {
              "name" : "labels-3",
              "specs" : [ {
                "status" : "info",
                "place" : {
                  "filePath" : "rezervacija.gspec",
                  "lineNumber" : 33
                },
                "name" : "width 28px",
                "meta" : [ {
                  "from" : {
                    "object" : "labels-3",
                    "edge" : "left"
                  },
                  "to" : {
                    "object" : "labels-3",
                    "edge" : "right"
                  },
                  "expectedDistance" : "28px",
                  "realDistance" : "28px"
                } ],
                "highlight" : [ "labels-3" ]
              }, {
                "status" : "info",
                "place" : {
                  "filePath" : "rezervacija.gspec",
                  "lineNumber" : 34
                },
                "name" : "height 17px",
                "meta" : [ {
                  "from" : {
                    "object" : "labels-3",
                    "edge" : "top"
                  },
                  "to" : {
                    "object" : "labels-3",
                    "edge" : "bottom"
                  },
                  "expectedDistance" : "17px",
                  "realDistance" : "17px"
                } ],
                "highlight" : [ "labels-3" ]
              }, {
                "status" : "info",
                "place" : {
                  "filePath" : "rezervacija.gspec",
                  "lineNumber" : 35
                },
                "name" : "left-of inputs-2 130px",
                "meta" : [ {
                  "from" : {
                    "object" : "labels-3",
                    "edge" : "right"
                  },
                  "to" : {
                    "object" : "inputs-2",
                    "edge" : "left"
                  },
                  "expectedDistance" : "130px",
                  "realDistance" : "130px"
                } ],
                "highlight" : [ "labels-3", "inputs-2" ]
              }, {
                "status" : "info",
                "place" : {
                  "filePath" : "rezervacija.gspec",
                  "lineNumber" : 36
                },
                "name" : "below labels-2 19px",
                "meta" : [ {
                  "from" : {
                    "object" : "labels-3",
                    "edge" : "top"
                  },
                  "to" : {
                    "object" : "labels-2",
                    "edge" : "bottom"
                  },
                  "expectedDistance" : "19px",
                  "realDistance" : "19px"
                } ],
                "highlight" : [ "labels-3", "labels-2" ]
              } ]
            }, {
              "name" : "listaSala",
              "specs" : [ {
                "status" : "info",
                "place" : {
                  "filePath" : "rezervacija.gspec",
                  "lineNumber" : 39
                },
                "name" : "width 155 to 157px",
                "meta" : [ {
                  "from" : {
                    "object" : "listaSala",
                    "edge" : "left"
                  },
                  "to" : {
                    "object" : "listaSala",
                    "edge" : "right"
                  },
                  "expectedDistance" : "155 to 157px",
                  "realDistance" : "157px"
                } ],
                "highlight" : [ "listaSala" ]
              }, {
                "status" : "info",
                "place" : {
                  "filePath" : "rezervacija.gspec",
                  "lineNumber" : 40
                },
                "name" : "height 18px",
                "meta" : [ {
                  "from" : {
                    "object" : "listaSala",
                    "edge" : "top"
                  },
                  "to" : {
                    "object" : "listaSala",
                    "edge" : "bottom"
                  },
                  "expectedDistance" : "18px",
                  "realDistance" : "18px"
                } ],
                "highlight" : [ "listaSala" ]
              }, {
                "status" : "info",
                "place" : {
                  "filePath" : "rezervacija.gspec",
                  "lineNumber" : 41
                },
                "name" : "right-of labels-1 54px",
                "meta" : [ {
                  "from" : {
                    "object" : "listaSala",
                    "edge" : "left"
                  },
                  "to" : {
                    "object" : "labels-1",
                    "edge" : "right"
                  },
                  "expectedDistance" : "54px",
                  "realDistance" : "54px"
                } ],
                "highlight" : [ "listaSala", "labels-1" ]
              }, {
                "status" : "info",
                "place" : {
                  "filePath" : "rezervacija.gspec",
                  "lineNumber" : 42
                },
                "name" : "above inputs-1 18px",
                "meta" : [ {
                  "from" : {
                    "object" : "listaSala",
                    "edge" : "bottom"
                  },
                  "to" : {
                    "object" : "inputs-1",
                    "edge" : "top"
                  },
                  "expectedDistance" : "18px",
                  "realDistance" : "18px"
                } ],
                "highlight" : [ "listaSala", "inputs-1" ]
              } ]
            }, {
              "name" : "inputs-1",
              "specs" : [ {
                "status" : "info",
                "place" : {
                  "filePath" : "rezervacija.gspec",
                  "lineNumber" : 45
                },
                "name" : "width 157px",
                "meta" : [ {
                  "from" : {
                    "object" : "inputs-1",
                    "edge" : "left"
                  },
                  "to" : {
                    "object" : "inputs-1",
                    "edge" : "right"
                  },
                  "expectedDistance" : "157px",
                  "realDistance" : "157px"
                } ],
                "highlight" : [ "inputs-1" ]
              }, {
                "status" : "info",
                "place" : {
                  "filePath" : "rezervacija.gspec",
                  "lineNumber" : 46
                },
                "name" : "height 18px",
                "meta" : [ {
                  "from" : {
                    "object" : "inputs-1",
                    "edge" : "top"
                  },
                  "to" : {
                    "object" : "inputs-1",
                    "edge" : "bottom"
                  },
                  "expectedDistance" : "18px",
                  "realDistance" : "18px"
                } ],
                "highlight" : [ "inputs-1" ]
              }, {
                "status" : "info",
                "place" : {
                  "filePath" : "rezervacija.gspec",
                  "lineNumber" : 47
                },
                "name" : "right-of labels-2 101px",
                "meta" : [ {
                  "from" : {
                    "object" : "inputs-1",
                    "edge" : "left"
                  },
                  "to" : {
                    "object" : "labels-2",
                    "edge" : "right"
                  },
                  "expectedDistance" : "101px",
                  "realDistance" : "101px"
                } ],
                "highlight" : [ "inputs-1", "labels-2" ]
              }, {
                "status" : "info",
                "place" : {
                  "filePath" : "rezervacija.gspec",
                  "lineNumber" : 48
                },
                "name" : "above inputs-2 18px",
                "meta" : [ {
                  "from" : {
                    "object" : "inputs-1",
                    "edge" : "bottom"
                  },
                  "to" : {
                    "object" : "inputs-2",
                    "edge" : "top"
                  },
                  "expectedDistance" : "18px",
                  "realDistance" : "18px"
                } ],
                "highlight" : [ "inputs-1", "inputs-2" ]
              } ]
            }, {
              "name" : "inputs-2",
              "specs" : [ {
                "status" : "info",
                "place" : {
                  "filePath" : "rezervacija.gspec",
                  "lineNumber" : 51
                },
                "name" : "width 157px",
                "meta" : [ {
                  "from" : {
                    "object" : "inputs-2",
                    "edge" : "left"
                  },
                  "to" : {
                    "object" : "inputs-2",
                    "edge" : "right"
                  },
                  "expectedDistance" : "157px",
                  "realDistance" : "157px"
                } ],
                "highlight" : [ "inputs-2" ]
              }, {
                "status" : "info",
                "place" : {
                  "filePath" : "rezervacija.gspec",
                  "lineNumber" : 52
                },
                "name" : "height 18px",
                "meta" : [ {
                  "from" : {
                    "object" : "inputs-2",
                    "edge" : "top"
                  },
                  "to" : {
                    "object" : "inputs-2",
                    "edge" : "bottom"
                  },
                  "expectedDistance" : "18px",
                  "realDistance" : "18px"
                } ],
                "highlight" : [ "inputs-2" ]
              }, {
                "status" : "info",
                "place" : {
                  "filePath" : "rezervacija.gspec",
                  "lineNumber" : 53
                },
                "name" : "right-of labels-3 130px",
                "meta" : [ {
                  "from" : {
                    "object" : "inputs-2",
                    "edge" : "left"
                  },
                  "to" : {
                    "object" : "labels-3",
                    "edge" : "right"
                  },
                  "expectedDistance" : "130px",
                  "realDistance" : "130px"
                } ],
                "highlight" : [ "inputs-2", "labels-3" ]
              } ]
            }, {
              "name" : "inputs-3",
              "specs" : [ {
                "status" : "info",
                "place" : {
                  "filePath" : "rezervacija.gspec",
                  "lineNumber" : 56
                },
                "name" : "width 13px",
                "meta" : [ {
                  "from" : {
                    "object" : "inputs-3",
                    "edge" : "left"
                  },
                  "to" : {
                    "object" : "inputs-3",
                    "edge" : "right"
                  },
                  "expectedDistance" : "13px",
                  "realDistance" : "13px"
                } ],
                "highlight" : [ "inputs-3" ]
              }, {
                "status" : "info",
                "place" : {
                  "filePath" : "rezervacija.gspec",
                  "lineNumber" : 57
                },
                "name" : "height 13px",
                "meta" : [ {
                  "from" : {
                    "object" : "inputs-3",
                    "edge" : "top"
                  },
                  "to" : {
                    "object" : "inputs-3",
                    "edge" : "bottom"
                  },
                  "expectedDistance" : "13px",
                  "realDistance" : "13px"
                } ],
                "highlight" : [ "inputs-3" ]
              }, {
                "status" : "info",
                "place" : {
                  "filePath" : "rezervacija.gspec",
                  "lineNumber" : 58
                },
                "name" : "below inputs-2 18px",
                "meta" : [ {
                  "from" : {
                    "object" : "inputs-3",
                    "edge" : "top"
                  },
                  "to" : {
                    "object" : "inputs-2",
                    "edge" : "bottom"
                  },
                  "expectedDistance" : "18px",
                  "realDistance" : "18px"
                } ],
                "highlight" : [ "inputs-3", "inputs-2" ]
              }, {
                "status" : "info",
                "place" : {
                  "filePath" : "rezervacija.gspec",
                  "lineNumber" : 59
                },
                "name" : "right-of formaZaUnos -394px",
                "meta" : [ {
                  "from" : {
                    "object" : "inputs-3",
                    "edge" : "left"
                  },
                  "to" : {
                    "object" : "formaZaUnos",
                    "edge" : "right"
                  },
                  "expectedDistance" : "-394px",
                  "realDistance" : "-394px"
                } ],
                "highlight" : [ "inputs-3", "formaZaUnos" ]
              } ]
            }, {
              "name" : "kalendar",
              "specs" : [ {
                "status" : "info",
                "place" : {
                  "filePath" : "rezervacija.gspec",
                  "lineNumber" : 62
                },
                "name" : "centered vertically inside sadrzaj",
                "highlight" : [ "kalendar", "sadrzaj" ]
              }, {
                "status" : "info",
                "place" : {
                  "filePath" : "rezervacija.gspec",
                  "lineNumber" : 63
                },
                "name" : "width 541 to 543px",
                "meta" : [ {
                  "from" : {
                    "object" : "kalendar",
                    "edge" : "left"
                  },
                  "to" : {
                    "object" : "kalendar",
                    "edge" : "right"
                  },
                  "expectedDistance" : "541 to 543px",
                  "realDistance" : "542px"
                } ],
                "highlight" : [ "kalendar" ]
              }, {
                "status" : "info",
                "place" : {
                  "filePath" : "rezervacija.gspec",
                  "lineNumber" : 64
                },
                "name" : "height 380 to 382px",
                "meta" : [ {
                  "from" : {
                    "object" : "kalendar",
                    "edge" : "top"
                  },
                  "to" : {
                    "object" : "kalendar",
                    "edge" : "bottom"
                  },
                  "expectedDistance" : "380 to 382px",
                  "realDistance" : "381px"
                } ],
                "highlight" : [ "kalendar" ]
              }, {
                "status" : "info",
                "place" : {
                  "filePath" : "rezervacija.gspec",
                  "lineNumber" : 65
                },
                "name" : "right-of formaZaUnos 117px",
                "meta" : [ {
                  "from" : {
                    "object" : "kalendar",
                    "edge" : "left"
                  },
                  "to" : {
                    "object" : "formaZaUnos",
                    "edge" : "right"
                  },
                  "expectedDistance" : "117px",
                  "realDistance" : "117px"
                } ],
                "highlight" : [ "kalendar", "formaZaUnos" ]
              } ]
            }, {
              "name" : "mjesec",
              "specs" : [ {
                "status" : "info",
                "place" : {
                  "filePath" : "rezervacija.gspec",
                  "lineNumber" : 68
                },
                "name" : "inside kalendar",
                "meta" : [ ],
                "highlight" : [ "mjesec", "kalendar" ]
              }, {
                "status" : "info",
                "place" : {
                  "filePath" : "rezervacija.gspec",
                  "lineNumber" : 69
                },
                "name" : "centered vertically inside kalendar 11px",
                "highlight" : [ "mjesec", "kalendar" ]
              }, {
                "status" : "info",
                "place" : {
                  "filePath" : "rezervacija.gspec",
                  "lineNumber" : 70
                },
                "name" : "above dugme-1 15px",
                "meta" : [ {
                  "from" : {
                    "object" : "mjesec",
                    "edge" : "bottom"
                  },
                  "to" : {
                    "object" : "dugme-1",
                    "edge" : "top"
                  },
                  "expectedDistance" : "15px",
                  "realDistance" : "15px"
                } ],
                "highlight" : [ "mjesec", "dugme-1" ]
              }, {
                "status" : "info",
                "place" : {
                  "filePath" : "rezervacija.gspec",
                  "lineNumber" : 71
                },
                "name" : "above dugme-2 15px",
                "meta" : [ {
                  "from" : {
                    "object" : "mjesec",
                    "edge" : "bottom"
                  },
                  "to" : {
                    "object" : "dugme-2",
                    "edge" : "top"
                  },
                  "expectedDistance" : "15px",
                  "realDistance" : "15px"
                } ],
                "highlight" : [ "mjesec", "dugme-2" ]
              } ]
            }, {
              "name" : "zauzeta",
              "specs" : [ {
                "status" : "info",
                "place" : {
                  "filePath" : "rezervacija.gspec",
                  "lineNumber" : 74
                },
                "name" : "height 13% of mjesec/height",
                "meta" : [ {
                  "from" : {
                    "object" : "zauzeta",
                    "edge" : "top"
                  },
                  "to" : {
                    "object" : "zauzeta",
                    "edge" : "bottom"
                  },
                  "expectedDistance" : "13% [29px]",
                  "realDistance" : "13% [30px]"
                } ],
                "highlight" : [ "zauzeta" ]
              }, {
                "status" : "info",
                "place" : {
                  "filePath" : "rezervacija.gspec",
                  "lineNumber" : 75
                },
                "name" : "width 12% of mjesec/width",
                "meta" : [ {
                  "from" : {
                    "object" : "zauzeta",
                    "edge" : "left"
                  },
                  "to" : {
                    "object" : "zauzeta",
                    "edge" : "right"
                  },
                  "expectedDistance" : "12% [57px]",
                  "realDistance" : "12% [60px]"
                } ],
                "highlight" : [ "zauzeta" ]
              }, {
                "status" : "info",
                "place" : {
                  "filePath" : "rezervacija.gspec",
                  "lineNumber" : 76
                },
                "name" : "left-of mjesec -323px",
                "meta" : [ {
                  "from" : {
                    "object" : "zauzeta",
                    "edge" : "right"
                  },
                  "to" : {
                    "object" : "mjesec",
                    "edge" : "left"
                  },
                  "expectedDistance" : "-323px",
                  "realDistance" : "-323px"
                } ],
                "highlight" : [ "zauzeta", "mjesec" ]
              }, {
                "status" : "info",
                "place" : {
                  "filePath" : "rezervacija.gspec",
                  "lineNumber" : 77
                },
                "name" : "right-of mjesec -215px",
                "meta" : [ {
                  "from" : {
                    "object" : "zauzeta",
                    "edge" : "left"
                  },
                  "to" : {
                    "object" : "mjesec",
                    "edge" : "right"
                  },
                  "expectedDistance" : "-215px",
                  "realDistance" : "-215px"
                } ],
                "highlight" : [ "zauzeta", "mjesec" ]
              }, {
                "status" : "info",
                "place" : {
                  "filePath" : "rezervacija.gspec",
                  "lineNumber" : 78
                },
                "name" : "below mjesec -176px",
                "meta" : [ {
                  "from" : {
                    "object" : "zauzeta",
                    "edge" : "top"
                  },
                  "to" : {
                    "object" : "mjesec",
                    "edge" : "bottom"
                  },
                  "expectedDistance" : "-176px",
                  "realDistance" : "-176px"
                } ],
                "highlight" : [ "zauzeta", "mjesec" ]
              } ]
            }, {
              "name" : "slobodna",
              "specs" : [ {
                "status" : "info",
                "place" : {
                  "filePath" : "rezervacija.gspec",
                  "lineNumber" : 81
                },
                "name" : "height 13% of mjesec/height",
                "meta" : [ {
                  "from" : {
                    "object" : "slobodna",
                    "edge" : "top"
                  },
                  "to" : {
                    "object" : "slobodna",
                    "edge" : "bottom"
                  },
                  "expectedDistance" : "13% [29px]",
                  "realDistance" : "13% [30px]"
                } ],
                "highlight" : [ "slobodna" ]
              }, {
                "status" : "info",
                "place" : {
                  "filePath" : "rezervacija.gspec",
                  "lineNumber" : 82
                },
                "name" : "width 13% of mjesec/width",
                "meta" : [ {
                  "from" : {
                    "object" : "slobodna",
                    "edge" : "left"
                  },
                  "to" : {
                    "object" : "slobodna",
                    "edge" : "right"
                  },
                  "expectedDistance" : "13% [62px]",
                  "realDistance" : "13% [65px]"
                } ],
                "highlight" : [ "slobodna" ]
              }, {
                "status" : "info",
                "place" : {
                  "filePath" : "rezervacija.gspec",
                  "lineNumber" : 83
                },
                "name" : "left-of mjesec -391px",
                "meta" : [ {
                  "from" : {
                    "object" : "slobodna",
                    "edge" : "right"
                  },
                  "to" : {
                    "object" : "mjesec",
                    "edge" : "left"
                  },
                  "expectedDistance" : "-391px",
                  "realDistance" : "-391px"
                } ],
                "highlight" : [ "slobodna", "mjesec" ]
              }, {
                "status" : "info",
                "place" : {
                  "filePath" : "rezervacija.gspec",
                  "lineNumber" : 84
                },
                "name" : "right-of mjesec -152px",
                "meta" : [ {
                  "from" : {
                    "object" : "slobodna",
                    "edge" : "left"
                  },
                  "to" : {
                    "object" : "mjesec",
                    "edge" : "right"
                  },
                  "expectedDistance" : "-152px",
                  "realDistance" : "-152px"
                } ],
                "highlight" : [ "slobodna", "mjesec" ]
              }, {
                "status" : "info",
                "place" : {
                  "filePath" : "rezervacija.gspec",
                  "lineNumber" : 85
                },
                "name" : "below mjesec -176px",
                "meta" : [ {
                  "from" : {
                    "object" : "slobodna",
                    "edge" : "top"
                  },
                  "to" : {
                    "object" : "mjesec",
                    "edge" : "bottom"
                  },
                  "expectedDistance" : "-176px",
                  "realDistance" : "-176px"
                } ],
                "highlight" : [ "slobodna", "mjesec" ]
              } ]
            }, {
              "name" : "dugme-1",
              "specs" : [ {
                "status" : "info",
                "place" : {
                  "filePath" : "rezervacija.gspec",
                  "lineNumber" : 88
                },
                "name" : "inside kalendar",
                "meta" : [ ],
                "highlight" : [ "dugme-1", "kalendar" ]
              }, {
                "status" : "info",
                "place" : {
                  "filePath" : "rezervacija.gspec",
                  "lineNumber" : 89
                },
                "name" : "left-of dugme-2 265px",
                "meta" : [ {
                  "from" : {
                    "object" : "dugme-1",
                    "edge" : "right"
                  },
                  "to" : {
                    "object" : "dugme-2",
                    "edge" : "left"
                  },
                  "expectedDistance" : "265px",
                  "realDistance" : "265px"
                } ],
                "highlight" : [ "dugme-1", "dugme-2" ]
              }, {
                "status" : "info",
                "place" : {
                  "filePath" : "rezervacija.gspec",
                  "lineNumber" : 90
                },
                "name" : "below mjesec 15px",
                "meta" : [ {
                  "from" : {
                    "object" : "dugme-1",
                    "edge" : "top"
                  },
                  "to" : {
                    "object" : "mjesec",
                    "edge" : "bottom"
                  },
                  "expectedDistance" : "15px",
                  "realDistance" : "15px"
                } ],
                "highlight" : [ "dugme-1", "mjesec" ]
              }, {
                "status" : "info",
                "place" : {
                  "filePath" : "rezervacija.gspec",
                  "lineNumber" : 91
                },
                "name" : "height 38px",
                "meta" : [ {
                  "from" : {
                    "object" : "dugme-1",
                    "edge" : "top"
                  },
                  "to" : {
                    "object" : "dugme-1",
                    "edge" : "bottom"
                  },
                  "expectedDistance" : "38px",
                  "realDistance" : "38px"
                } ],
                "highlight" : [ "dugme-1" ]
              }, {
                "status" : "info",
                "place" : {
                  "filePath" : "rezervacija.gspec",
                  "lineNumber" : 92
                },
                "name" : "width 102px",
                "meta" : [ {
                  "from" : {
                    "object" : "dugme-1",
                    "edge" : "left"
                  },
                  "to" : {
                    "object" : "dugme-1",
                    "edge" : "right"
                  },
                  "expectedDistance" : "102px",
                  "realDistance" : "102px"
                } ],
                "highlight" : [ "dugme-1" ]
              } ]
            }, {
              "name" : "dugme-2",
              "specs" : [ {
                "status" : "info",
                "place" : {
                  "filePath" : "rezervacija.gspec",
                  "lineNumber" : 95
                },
                "name" : "inside kalendar",
                "meta" : [ ],
                "highlight" : [ "dugme-2", "kalendar" ]
              }, {
                "status" : "info",
                "place" : {
                  "filePath" : "rezervacija.gspec",
                  "lineNumber" : 96
                },
                "name" : "right-of dugme-1 265px",
                "meta" : [ {
                  "from" : {
                    "object" : "dugme-2",
                    "edge" : "left"
                  },
                  "to" : {
                    "object" : "dugme-1",
                    "edge" : "right"
                  },
                  "expectedDistance" : "265px",
                  "realDistance" : "265px"
                } ],
                "highlight" : [ "dugme-2", "dugme-1" ]
              }, {
                "status" : "info",
                "place" : {
                  "filePath" : "rezervacija.gspec",
                  "lineNumber" : 97
                },
                "name" : "below mjesec 15px",
                "meta" : [ {
                  "from" : {
                    "object" : "dugme-2",
                    "edge" : "top"
                  },
                  "to" : {
                    "object" : "mjesec",
                    "edge" : "bottom"
                  },
                  "expectedDistance" : "15px",
                  "realDistance" : "15px"
                } ],
                "highlight" : [ "dugme-2", "mjesec" ]
              }, {
                "status" : "info",
                "place" : {
                  "filePath" : "rezervacija.gspec",
                  "lineNumber" : 98
                },
                "name" : "height 38px",
                "meta" : [ {
                  "from" : {
                    "object" : "dugme-2",
                    "edge" : "top"
                  },
                  "to" : {
                    "object" : "dugme-2",
                    "edge" : "bottom"
                  },
                  "expectedDistance" : "38px",
                  "realDistance" : "38px"
                } ],
                "highlight" : [ "dugme-2" ]
              }, {
                "status" : "info",
                "place" : {
                  "filePath" : "rezervacija.gspec",
                  "lineNumber" : 99
                },
                "name" : "width 82px",
                "meta" : [ {
                  "from" : {
                    "object" : "dugme-2",
                    "edge" : "left"
                  },
                  "to" : {
                    "object" : "dugme-2",
                    "edge" : "right"
                  },
                  "expectedDistance" : "82px",
                  "realDistance" : "82px"
                } ],
                "highlight" : [ "dugme-2" ]
              } ]
            }, {
              "name" : "sadrzaj",
              "specs" : [ {
                "status" : "info",
                "place" : {
                  "filePath" : "rezervacija.gspec",
                  "lineNumber" : 102
                },
                "name" : "width 100% of screen/width",
                "meta" : [ {
                  "from" : {
                    "object" : "sadrzaj",
                    "edge" : "left"
                  },
                  "to" : {
                    "object" : "sadrzaj",
                    "edge" : "right"
                  },
                  "expectedDistance" : "100% [1571px]",
                  "realDistance" : "100% [1571px]"
                } ],
                "highlight" : [ "sadrzaj" ]
              }, {
                "status" : "info",
                "place" : {
                  "filePath" : "rezervacija.gspec",
                  "lineNumber" : 103
                },
                "name" : "height 33% of screen/height",
                "meta" : [ {
                  "from" : {
                    "object" : "sadrzaj",
                    "edge" : "top"
                  },
                  "to" : {
                    "object" : "sadrzaj",
                    "edge" : "bottom"
                  },
                  "expectedDistance" : "33% [435px]",
                  "realDistance" : "33% [445px]"
                } ],
                "highlight" : [ "sadrzaj" ]
              }, {
                "status" : "info",
                "place" : {
                  "filePath" : "rezervacija.gspec",
                  "lineNumber" : 104
                },
                "name" : "inside screen 202px top, 0px left right",
                "meta" : [ {
                  "from" : {
                    "object" : "sadrzaj",
                    "edge" : "top"
                  },
                  "to" : {
                    "object" : "screen",
                    "edge" : "top"
                  },
                  "expectedDistance" : "202px",
                  "realDistance" : "202px"
                }, {
                  "from" : {
                    "object" : "sadrzaj",
                    "edge" : "left"
                  },
                  "to" : {
                    "object" : "screen",
                    "edge" : "left"
                  },
                  "expectedDistance" : "0px",
                  "realDistance" : "0px"
                }, {
                  "from" : {
                    "object" : "sadrzaj",
                    "edge" : "right"
                  },
                  "to" : {
                    "object" : "screen",
                    "edge" : "right"
                  },
                  "expectedDistance" : "0px",
                  "realDistance" : "0px"
                } ],
                "highlight" : [ "sadrzaj", "screen" ]
              } ]
            } ]
          } ],
          "objects" : {
            "inputs-2" : {
              "area" : [ 456, 434, 157, 18 ]
            },
            "formaZaUnos" : {
              "area" : [ 218, 282, 474, 286 ]
            },
            "inputs-3" : {
              "area" : [ 298, 470, 13, 13 ]
            },
            "inputs-1" : {
              "area" : [ 456, 398, 157, 18 ]
            },
            "dugme-1" : {
              "area" : [ 856, 546, 102, 38 ]
            },
            "dugme-2" : {
              "area" : [ 1223, 546, 82, 38 ]
            },
            "screen" : {
              "area" : [ 0, 0, 1571, 1319 ]
            },
            "mjesec" : {
              "area" : [ 841, 307, 478, 224 ]
            },
            "sadrzaj" : {
              "area" : [ 0, 202, 1571, 445 ]
            },
            "zauzeta" : {
              "area" : [ 1104, 355, 60, 30 ]
            },
            "listaSala" : {
              "area" : [ 456, 362, 157, 18 ]
            },
            "labels-1" : {
              "area" : [ 298, 362, 104, 17 ]
            },
            "labels-2" : {
              "area" : [ 298, 398, 57, 17 ]
            },
            "labels-3" : {
              "area" : [ 298, 434, 28, 17 ]
            },
            "kalendar" : {
              "area" : [ 809, 234, 542, 381 ]
            },
            "slobodna" : {
              "area" : [ 1167, 355, 65, 30 ]
            }
          },
          "screenshot" : "layout-1-screenshot.png",
          "type" : "layout"
        } ],
        "time" : 1573645184982,
        "type" : "node"
      } ],
      "time" : 1573645177901,
      "type" : "node"
    } ]
  }
}