{
  "testId" : "1-.gspec",
  "name" : ".gspec",
  "report" : {
    "nodes" : [ {
      "name" : "Mutation test",
      "status" : "info",
      "nodes" : [ {
        "name" : "check  .gspec --url file:///Users/vedad/fax/wt/wt1917336/.html --size 1200x800 --offset 5 --htmlreport mutation-report",
        "status" : "info",
        "nodes" : [ {
          "name" : "FileNotFoundException: .gspec",
          "status" : "error",
          "time" : 1573654114880,
          "stacktrace" : "java.io.FileNotFoundException: .gspec\n\tat com.galenframework.speclang2.pagespec.PageSpecReader.read(PageSpecReader.java:43)\n\tat com.galenframework.api.mutation.GalenMutate.parseSpec(GalenMutate.java:76)\n\tat com.galenframework.api.mutation.GalenMutate.checkAllMutations(GalenMutate.java:51)\n\tat com.galenframework.suite.actions.GalenPageActionMutate.execute(GalenPageActionMutate.java:38)\n\tat com.galenframework.runner.GalenPageRunner.executeAction(GalenPageRunner.java:84)\n\tat com.galenframework.runner.GalenPageRunner.run(GalenPageRunner.java:76)\n\tat com.galenframework.runner.GalenBasicTestRunner.runTest(GalenBasicTestRunner.java:76)\n\tat com.galenframework.tests.GalenBasicTest.execute(GalenBasicTest.java:55)\n\tat com.galenframework.TestRunnable.runTest(TestRunnable.java:75)\n\tat com.galenframework.TestRunnable.run(TestRunnable.java:101)\n\tat java.base/java.util.concurrent.ThreadPoolExecutor.runWorker(ThreadPoolExecutor.java:1128)\n\tat java.base/java.util.concurrent.ThreadPoolExecutor$Worker.run(ThreadPoolExecutor.java:628)\n\tat java.base/java.lang.Thread.run(Thread.java:834)\n",
          "type" : "node"
        } ],
        "time" : 1573654114873,
        "type" : "node"
      } ],
      "time" : 1573654113010,
      "type" : "node"
    } ]
  }
}