{
  "testId" : "1-pocetna.gspec",
  "name" : "pocetna.gspec",
  "report" : {
    "nodes" : [ {
      "name" : "Mutation test",
      "status" : "info",
      "nodes" : [ {
        "name" : "check  pocetna.gspec --url http://localhost/pocetna.html --size 1024x768 --offset 5 --htmlreport izvjestaj.pocetna",
        "status" : "info",
        "nodes" : [ {
          "name" : "Check layout: pocetna.gspec included tags: ",
          "status" : "info",
          "time" : 1573605294412,
          "sections" : [ {
            "name" : "Meni section",
            "place" : {
              "filePath" : "pocetna.gspec",
              "lineNumber" : 9
            },
            "objects" : [ {
              "name" : "meni",
              "specs" : [ {
                "status" : "info",
                "place" : {
                  "filePath" : "pocetna.gspec",
                  "lineNumber" : 11
                },
                "name" : "centered horizontally inside viewport",
                "highlight" : [ "meni", "viewport" ]
              }, {
                "status" : "info",
                "place" : {
                  "filePath" : "pocetna.gspec",
                  "lineNumber" : 12
                },
                "name" : "height 83 to 88px",
                "meta" : [ {
                  "from" : {
                    "object" : "meni",
                    "edge" : "top"
                  },
                  "to" : {
                    "object" : "meni",
                    "edge" : "bottom"
                  },
                  "expectedDistance" : "83 to 88px",
                  "realDistance" : "85px"
                } ],
                "highlight" : [ "meni" ]
              }, {
                "status" : "info",
                "place" : {
                  "filePath" : "pocetna.gspec",
                  "lineNumber" : 13
                },
                "name" : "contains menu_item_1",
                "highlight" : [ "meni", "menu_item_1" ]
              }, {
                "status" : "info",
                "place" : {
                  "filePath" : "pocetna.gspec",
                  "lineNumber" : 14
                },
                "name" : "above sadrzaj 16 to 22px",
                "meta" : [ {
                  "from" : {
                    "object" : "meni",
                    "edge" : "bottom"
                  },
                  "to" : {
                    "object" : "sadrzaj",
                    "edge" : "top"
                  },
                  "expectedDistance" : "16 to 22px",
                  "realDistance" : "19px"
                } ],
                "highlight" : [ "meni", "sadrzaj" ]
              }, {
                "status" : "info",
                "place" : {
                  "filePath" : "pocetna.gspec",
                  "lineNumber" : 15
                },
                "name" : "width 97 to 99% of viewport/width",
                "meta" : [ {
                  "from" : {
                    "object" : "meni",
                    "edge" : "left"
                  },
                  "to" : {
                    "object" : "meni",
                    "edge" : "right"
                  },
                  "expectedDistance" : "97 to 99% [965 to 985px]",
                  "realDistance" : "98% [979px]"
                } ],
                "highlight" : [ "meni" ]
              } ]
            }, {
              "name" : "logo",
              "specs" : [ {
                "status" : "info",
                "place" : {
                  "filePath" : "pocetna.gspec",
                  "lineNumber" : 17
                },
                "name" : "centered horizontally inside viewport",
                "highlight" : [ "logo", "viewport" ]
              }, {
                "status" : "info",
                "place" : {
                  "filePath" : "pocetna.gspec",
                  "lineNumber" : 18
                },
                "name" : "inside partly meni 49px bottom",
                "meta" : [ {
                  "from" : {
                    "object" : "logo",
                    "edge" : "bottom"
                  },
                  "to" : {
                    "object" : "meni",
                    "edge" : "bottom"
                  },
                  "expectedDistance" : "49px",
                  "realDistance" : "49px"
                } ],
                "highlight" : [ "logo", "meni" ]
              }, {
                "status" : "info",
                "place" : {
                  "filePath" : "pocetna.gspec",
                  "lineNumber" : 19
                },
                "name" : "width 97 to 99% of viewport/width",
                "meta" : [ {
                  "from" : {
                    "object" : "logo",
                    "edge" : "left"
                  },
                  "to" : {
                    "object" : "logo",
                    "edge" : "right"
                  },
                  "expectedDistance" : "97 to 99% [965 to 985px]",
                  "realDistance" : "98% [977px]"
                } ],
                "highlight" : [ "logo" ]
              }, {
                "status" : "info",
                "place" : {
                  "filePath" : "pocetna.gspec",
                  "lineNumber" : 20
                },
                "name" : "height 68 to 74px",
                "meta" : [ {
                  "from" : {
                    "object" : "logo",
                    "edge" : "top"
                  },
                  "to" : {
                    "object" : "logo",
                    "edge" : "bottom"
                  },
                  "expectedDistance" : "68 to 74px",
                  "realDistance" : "70px"
                } ],
                "highlight" : [ "logo" ]
              } ]
            }, {
              "name" : "menu_item_1",
              "specs" : [ {
                "status" : "info",
                "place" : {
                  "filePath" : "pocetna.gspec",
                  "lineNumber" : 22
                },
                "name" : "aligned horizontally all menu_item_2",
                "highlight" : [ "menu_item_1", "menu_item_2" ]
              }, {
                "status" : "info",
                "place" : {
                  "filePath" : "pocetna.gspec",
                  "lineNumber" : 23
                },
                "name" : "near menu_item_2 166 to 170px left",
                "meta" : [ {
                  "from" : {
                    "object" : "menu_item_1",
                    "edge" : "right"
                  },
                  "to" : {
                    "object" : "menu_item_2",
                    "edge" : "left"
                  },
                  "expectedDistance" : "166 to 170px",
                  "realDistance" : "168px"
                } ],
                "highlight" : [ "menu_item_1", "menu_item_2" ]
              }, {
                "status" : "info",
                "place" : {
                  "filePath" : "pocetna.gspec",
                  "lineNumber" : 24
                },
                "name" : "height 15 to 20px",
                "meta" : [ {
                  "from" : {
                    "object" : "menu_item_1",
                    "edge" : "top"
                  },
                  "to" : {
                    "object" : "menu_item_1",
                    "edge" : "bottom"
                  },
                  "expectedDistance" : "15 to 20px",
                  "realDistance" : "17px"
                } ],
                "highlight" : [ "menu_item_1" ]
              }, {
                "status" : "info",
                "place" : {
                  "filePath" : "pocetna.gspec",
                  "lineNumber" : 25
                },
                "name" : "inside ul 0 to 2px bottom, 0px top",
                "meta" : [ {
                  "from" : {
                    "object" : "menu_item_1",
                    "edge" : "bottom"
                  },
                  "to" : {
                    "object" : "ul",
                    "edge" : "bottom"
                  },
                  "expectedDistance" : "0 to 2px",
                  "realDistance" : "1px"
                }, {
                  "from" : {
                    "object" : "menu_item_1",
                    "edge" : "top"
                  },
                  "to" : {
                    "object" : "ul",
                    "edge" : "top"
                  },
                  "expectedDistance" : "0px",
                  "realDistance" : "0px"
                } ],
                "highlight" : [ "menu_item_1", "ul" ]
              } ]
            }, {
              "name" : "menu_item_2",
              "specs" : [ {
                "status" : "info",
                "place" : {
                  "filePath" : "pocetna.gspec",
                  "lineNumber" : 27
                },
                "name" : "inside ul 0 to 2px bottom, 0px top",
                "meta" : [ {
                  "from" : {
                    "object" : "menu_item_2",
                    "edge" : "bottom"
                  },
                  "to" : {
                    "object" : "ul",
                    "edge" : "bottom"
                  },
                  "expectedDistance" : "0 to 2px",
                  "realDistance" : "1px"
                }, {
                  "from" : {
                    "object" : "menu_item_2",
                    "edge" : "top"
                  },
                  "to" : {
                    "object" : "ul",
                    "edge" : "top"
                  },
                  "expectedDistance" : "0px",
                  "realDistance" : "0px"
                } ],
                "highlight" : [ "menu_item_2", "ul" ]
              }, {
                "status" : "info",
                "place" : {
                  "filePath" : "pocetna.gspec",
                  "lineNumber" : 28
                },
                "name" : "height 15 to 20px",
                "meta" : [ {
                  "from" : {
                    "object" : "menu_item_2",
                    "edge" : "top"
                  },
                  "to" : {
                    "object" : "menu_item_2",
                    "edge" : "bottom"
                  },
                  "expectedDistance" : "15 to 20px",
                  "realDistance" : "17px"
                } ],
                "highlight" : [ "menu_item_2" ]
              } ]
            }, {
              "name" : "ul",
              "specs" : [ {
                "status" : "info",
                "place" : {
                  "filePath" : "pocetna.gspec",
                  "lineNumber" : 30
                },
                "name" : "centered horizontally inside meni 1px",
                "highlight" : [ "ul", "meni" ]
              }, {
                "status" : "info",
                "place" : {
                  "filePath" : "pocetna.gspec",
                  "lineNumber" : 31
                },
                "name" : "inside meni",
                "meta" : [ ],
                "highlight" : [ "ul", "meni" ]
              }, {
                "status" : "info",
                "place" : {
                  "filePath" : "pocetna.gspec",
                  "lineNumber" : 32
                },
                "name" : "contains menu_item_1",
                "highlight" : [ "ul", "menu_item_1" ]
              }, {
                "status" : "info",
                "place" : {
                  "filePath" : "pocetna.gspec",
                  "lineNumber" : 33
                },
                "name" : "inside viewport 7 to 11px left",
                "meta" : [ {
                  "from" : {
                    "object" : "ul",
                    "edge" : "left"
                  },
                  "to" : {
                    "object" : "viewport",
                    "edge" : "left"
                  },
                  "expectedDistance" : "7 to 11px",
                  "realDistance" : "9px"
                } ],
                "highlight" : [ "ul", "viewport" ]
              }, {
                "status" : "info",
                "place" : {
                  "filePath" : "pocetna.gspec",
                  "lineNumber" : 34
                },
                "name" : "below logo",
                "meta" : [ {
                  "from" : {
                    "object" : "ul",
                    "edge" : "top"
                  },
                  "to" : {
                    "object" : "logo",
                    "edge" : "bottom"
                  },
                  "expectedDistance" : ">= 0px",
                  "realDistance" : "15px"
                } ],
                "highlight" : [ "ul", "logo" ]
              } ]
            } ]
          }, {
            "name" : "Main section",
            "place" : {
              "filePath" : "pocetna.gspec",
              "lineNumber" : 35
            },
            "objects" : [ {
              "name" : "sadrzaj",
              "specs" : [ {
                "status" : "info",
                "place" : {
                  "filePath" : "pocetna.gspec",
                  "lineNumber" : 37
                },
                "name" : "below logo",
                "meta" : [ {
                  "from" : {
                    "object" : "sadrzaj",
                    "edge" : "top"
                  },
                  "to" : {
                    "object" : "logo",
                    "edge" : "bottom"
                  },
                  "expectedDistance" : ">= 0px",
                  "realDistance" : "68px"
                } ],
                "highlight" : [ "sadrzaj", "logo" ]
              }, {
                "status" : "info",
                "place" : {
                  "filePath" : "pocetna.gspec",
                  "lineNumber" : 38
                },
                "name" : "width 97 to 99% of viewport/width",
                "meta" : [ {
                  "from" : {
                    "object" : "sadrzaj",
                    "edge" : "left"
                  },
                  "to" : {
                    "object" : "sadrzaj",
                    "edge" : "right"
                  },
                  "expectedDistance" : "97 to 99% [965 to 985px]",
                  "realDistance" : "98% [977px]"
                } ],
                "highlight" : [ "sadrzaj" ]
              }, {
                "status" : "info",
                "place" : {
                  "filePath" : "pocetna.gspec",
                  "lineNumber" : 39
                },
                "name" : "below meni",
                "meta" : [ {
                  "from" : {
                    "object" : "sadrzaj",
                    "edge" : "top"
                  },
                  "to" : {
                    "object" : "meni",
                    "edge" : "bottom"
                  },
                  "expectedDistance" : ">= 0px",
                  "realDistance" : "19px"
                } ],
                "highlight" : [ "sadrzaj", "meni" ]
              }, {
                "status" : "info",
                "place" : {
                  "filePath" : "pocetna.gspec",
                  "lineNumber" : 40
                },
                "name" : "contains slika",
                "highlight" : [ "sadrzaj", "slika" ]
              }, {
                "status" : "info",
                "place" : {
                  "filePath" : "pocetna.gspec",
                  "lineNumber" : 41
                },
                "name" : "centered horizontally inside viewport",
                "highlight" : [ "sadrzaj", "viewport" ]
              } ]
            }, {
              "name" : "slika",
              "specs" : [ {
                "status" : "info",
                "place" : {
                  "filePath" : "pocetna.gspec",
                  "lineNumber" : 43
                },
                "name" : "inside sadrzaj 19 to 22px top",
                "meta" : [ {
                  "from" : {
                    "object" : "slika",
                    "edge" : "top"
                  },
                  "to" : {
                    "object" : "sadrzaj",
                    "edge" : "top"
                  },
                  "expectedDistance" : "19 to 22px",
                  "realDistance" : "21px"
                } ],
                "highlight" : [ "slika", "sadrzaj" ]
              }, {
                "status" : "info",
                "place" : {
                  "filePath" : "pocetna.gspec",
                  "lineNumber" : 44
                },
                "name" : "inside sadrzaj 170 to 172px left",
                "meta" : [ {
                  "from" : {
                    "object" : "slika",
                    "edge" : "left"
                  },
                  "to" : {
                    "object" : "sadrzaj",
                    "edge" : "left"
                  },
                  "expectedDistance" : "170 to 172px",
                  "realDistance" : "171px"
                } ],
                "highlight" : [ "slika", "sadrzaj" ]
              }, {
                "status" : "info",
                "place" : {
                  "filePath" : "pocetna.gspec",
                  "lineNumber" : 45
                },
                "name" : "inside sadrzaj 493px right",
                "meta" : [ {
                  "from" : {
                    "object" : "slika",
                    "edge" : "right"
                  },
                  "to" : {
                    "object" : "sadrzaj",
                    "edge" : "right"
                  },
                  "expectedDistance" : "493px",
                  "realDistance" : "493px"
                } ],
                "highlight" : [ "slika", "sadrzaj" ]
              }, {
                "status" : "info",
                "place" : {
                  "filePath" : "pocetna.gspec",
                  "lineNumber" : 46
                },
                "name" : "inside sadrzaj 926px bottom",
                "meta" : [ {
                  "from" : {
                    "object" : "slika",
                    "edge" : "bottom"
                  },
                  "to" : {
                    "object" : "sadrzaj",
                    "edge" : "bottom"
                  },
                  "expectedDistance" : "926px",
                  "realDistance" : "926px"
                } ],
                "highlight" : [ "slika", "sadrzaj" ]
              }, {
                "status" : "info",
                "place" : {
                  "filePath" : "pocetna.gspec",
                  "lineNumber" : 47
                },
                "name" : "width 31% of viewport/width",
                "meta" : [ {
                  "from" : {
                    "object" : "slika",
                    "edge" : "left"
                  },
                  "to" : {
                    "object" : "slika",
                    "edge" : "right"
                  },
                  "expectedDistance" : "31% [308px]",
                  "realDistance" : "31% [313px]"
                } ],
                "highlight" : [ "slika" ]
              }, {
                "status" : "info",
                "place" : {
                  "filePath" : "pocetna.gspec",
                  "lineNumber" : 48
                },
                "name" : "visible",
                "highlight" : [ "slika" ]
              }, {
                "status" : "info",
                "place" : {
                  "filePath" : "pocetna.gspec",
                  "lineNumber" : 49
                },
                "name" : "width 313px",
                "meta" : [ {
                  "from" : {
                    "object" : "slika",
                    "edge" : "left"
                  },
                  "to" : {
                    "object" : "slika",
                    "edge" : "right"
                  },
                  "expectedDistance" : "313px",
                  "realDistance" : "313px"
                } ],
                "highlight" : [ "slika" ]
              }, {
                "status" : "info",
                "place" : {
                  "filePath" : "pocetna.gspec",
                  "lineNumber" : 50
                },
                "name" : "height 226px",
                "meta" : [ {
                  "from" : {
                    "object" : "slika",
                    "edge" : "top"
                  },
                  "to" : {
                    "object" : "slika",
                    "edge" : "bottom"
                  },
                  "expectedDistance" : "226px",
                  "realDistance" : "226px"
                } ],
                "highlight" : [ "slika" ]
              } ]
            } ]
          } ],
          "objects" : {
            "meni" : {
              "area" : [ 8, 48, 979, 85 ]
            },
            "slika" : {
              "area" : [ 179, 173, 313, 226 ]
            },
            "viewport" : {
              "area" : [ 0, 0, 995, 687 ]
            },
            "ul" : {
              "area" : [ 9, 99, 977, 18 ]
            },
            "logo" : {
              "area" : [ 9, 14, 977, 70 ]
            },
            "menu_item_1" : {
              "area" : [ 384, 99, 54, 17 ]
            },
            "sadrzaj" : {
              "area" : [ 8, 152, 977, 1173 ]
            },
            "menu_item_2" : {
              "area" : [ 606, 99, 44, 17 ]
            }
          },
          "screenshot" : "layout-1-screenshot.png",
          "type" : "layout"
        }, {
          "name" : "Mutation testing: pocetna.gspec included tags: ",
          "status" : "error",
          "time" : 1573605294412,
          "mutationReport" : {
            "objectMutationStatistics" : {
              "meni" : {
                "passed" : 10,
                "failed" : 0,
                "failedMutations" : [ ]
              },
              "slika" : {
                "passed" : 10,
                "failed" : 0,
                "failedMutations" : [ ]
              },
              "ul" : {
                "passed" : 10,
                "failed" : 0,
                "failedMutations" : [ ]
              },
              "logo" : {
                "passed" : 10,
                "failed" : 0,
                "failedMutations" : [ ]
              },
              "menu_item_1" : {
                "passed" : 9,
                "failed" : 1,
                "failedMutations" : [ "menu_item_1: move left edge right by 5px" ]
              },
              "sadrzaj" : {
                "passed" : 10,
                "failed" : 0,
                "failedMutations" : [ ]
              },
              "menu_item_2" : {
                "passed" : 8,
                "failed" : 2,
                "failedMutations" : [ "menu_item_2: increase width by 5px", "menu_item_2: decrease width by 5px" ]
              }
            },
            "totalPassed" : 67,
            "totalFailed" : 3,
            "failedRatio" : 4.285714285714286,
            "totalMutations" : 70
          },
          "type" : "mutation"
        } ],
        "time" : 1573605285037,
        "type" : "node"
      } ],
      "time" : 1573605273827,
      "type" : "node"
    } ]
  }
}