{"periodicna":[{"dan":5,"semestar":"zimski","pocetak":"00:00","kraj":"01:00","naziv":"0-01","predavac":"prof"},{"dan":1,"semestar":"zimski","pocetak":"12:00","kraj":"13:00","naziv":"1-11","predavac":"prof"}],"vanredna":[{"datum":"12.12.2019","pocetak":"00:00","kraj":"01:45","naziv":"0-01","predavac":"asistent"},{"datum":"6.12.2019","pocetak":"00:00","kraj":"00:00","naziv":"0-01","predavac":"prof"},{"datum":"24.12.2019","pocetak":"00:00","kraj":"00:00","naziv":"0-01","predavac":"prof"},{"datum":"10.1.2019","pocetak":"12:00","kraj":"13:00","naziv":"1-11","predavac":"prof"},{"datum":"10.1.2019","pocetak":"12:00","kraj":"13:00","naziv":"1-11","predavac":"prof"},{"datum":"30.1.2019","pocetak":"12:00","kraj":"13:00","naziv":"1-11","predavac":"prof"},{"datum":"11.1.2019","pocetak":"12:00","kraj":"13:00","naziv":"1-11","predavac":"prof"},{"datum":"4.1.2019","pocetak":"00:00","kraj":"00:00","naziv":"0-01","predavac":"prof"},{"datum":"1.1.2019","pocetak":"12:00","kraj":"13:00","naziv":"1-11","predavac":"prof"},{"datum":"1.1.2019","pocetak":"00:00","kraj":"00:00","naziv":"0-09","predavac":"prof"},{"datum":"3.1.2019","pocetak":"00:00","kraj":"00:00","naziv":"0-01","predavac":"prof"},{"datum":"31.1.2019","pocetak":"00:00","kraj":"00:00","naziv":"0-01","predavac":"prof"},{"datum":"22.1.2019","pocetak":"00:00","kraj":"00:00","naziv":"0-01","predavac":"prof"}]}