{
  "testId" : "1-mobileunos.gspec",
  "name" : "mobileunos.gspec",
  "report" : {
    "nodes" : [ {
      "name" : "Mutation test",
      "status" : "info",
      "nodes" : [ {
        "name" : "check  mobileunos.gspec --url file:///Users/vedad/fax/wt/wt1917336/unos.html --size 600x600 --offset 5 --htmlreport mutation-report",
        "status" : "info",
        "nodes" : [ {
          "name" : "Check layout: mobileunos.gspec included tags: ",
          "status" : "info",
          "time" : 1573653610239,
          "sections" : [ {
            "name" : "Sadrzaj",
            "place" : {
              "filePath" : "mobileunos.gspec",
              "lineNumber" : 6
            },
            "objects" : [ {
              "name" : "labela-1",
              "specs" : [ {
                "status" : "info",
                "place" : {
                  "filePath" : "mobileunos.gspec",
                  "lineNumber" : 9
                },
                "name" : "above input-1",
                "meta" : [ {
                  "from" : {
                    "object" : "labela-1",
                    "edge" : "bottom"
                  },
                  "to" : {
                    "object" : "input-1",
                    "edge" : "top"
                  },
                  "expectedDistance" : ">= 0px",
                  "realDistance" : "5px"
                } ],
                "highlight" : [ "labela-1", "input-1" ]
              } ]
            }, {
              "name" : "labela-2",
              "specs" : [ {
                "status" : "info",
                "place" : {
                  "filePath" : "mobileunos.gspec",
                  "lineNumber" : 9
                },
                "name" : "above input-2",
                "meta" : [ {
                  "from" : {
                    "object" : "labela-2",
                    "edge" : "bottom"
                  },
                  "to" : {
                    "object" : "input-2",
                    "edge" : "top"
                  },
                  "expectedDistance" : ">= 0px",
                  "realDistance" : "5px"
                } ],
                "highlight" : [ "labela-2", "input-2" ]
              } ]
            }, {
              "name" : "labela-3",
              "specs" : [ {
                "status" : "info",
                "place" : {
                  "filePath" : "mobileunos.gspec",
                  "lineNumber" : 9
                },
                "name" : "above input-3",
                "meta" : [ {
                  "from" : {
                    "object" : "labela-3",
                    "edge" : "bottom"
                  },
                  "to" : {
                    "object" : "input-3",
                    "edge" : "top"
                  },
                  "expectedDistance" : ">= 0px",
                  "realDistance" : "5px"
                } ],
                "highlight" : [ "labela-3", "input-3" ]
              } ]
            }, {
              "name" : "labela-4",
              "specs" : [ {
                "status" : "info",
                "place" : {
                  "filePath" : "mobileunos.gspec",
                  "lineNumber" : 9
                },
                "name" : "above input-4",
                "meta" : [ {
                  "from" : {
                    "object" : "labela-4",
                    "edge" : "bottom"
                  },
                  "to" : {
                    "object" : "input-4",
                    "edge" : "top"
                  },
                  "expectedDistance" : ">= 0px",
                  "realDistance" : "5px"
                } ],
                "highlight" : [ "labela-4", "input-4" ]
              } ]
            }, {
              "name" : "submit",
              "specs" : [ {
                "status" : "info",
                "place" : {
                  "filePath" : "mobileunos.gspec",
                  "lineNumber" : 11
                },
                "name" : "width 80px",
                "meta" : [ {
                  "from" : {
                    "object" : "submit",
                    "edge" : "left"
                  },
                  "to" : {
                    "object" : "submit",
                    "edge" : "right"
                  },
                  "expectedDistance" : "80px",
                  "realDistance" : "80px"
                } ],
                "highlight" : [ "submit" ]
              } ]
            } ]
          } ],
          "objects" : {
            "input-3" : {
              "area" : [ 21, 301, 342, 19 ]
            },
            "submit" : {
              "area" : [ 21, 372, 80, 18 ]
            },
            "input-4" : {
              "area" : [ 21, 343, 342, 19 ]
            },
            "labela-1" : {
              "area" : [ 21, 194, 130, 18 ]
            },
            "input-1" : {
              "area" : [ 21, 217, 342, 19 ]
            },
            "labela-2" : {
              "area" : [ 21, 236, 130, 18 ]
            },
            "input-2" : {
              "area" : [ 21, 259, 342, 19 ]
            },
            "labela-3" : {
              "area" : [ 21, 278, 130, 18 ]
            },
            "labela-4" : {
              "area" : [ 21, 320, 130, 18 ]
            }
          },
          "screenshot" : "layout-1-screenshot.png",
          "type" : "layout"
        }, {
          "name" : "Mutation testing: mobileunos.gspec included tags: ",
          "status" : "error",
          "time" : 1573653610239,
          "mutationReport" : {
            "objectMutationStatistics" : {
              "input-3" : {
                "passed" : 0,
                "failed" : 10,
                "failedMutations" : [ "input-3: drag left by 5px", "input-3: drag right by 5px", "input-3: drag top by 5px", "input-3: drag down by 5px", "input-3: increase width by 5px", "input-3: decrease width by 5px", "input-3: increase height by 5px", "input-3: decrease height by 5px", "input-3: move left edge right by 5px", "input-3: move top edge down by 5px" ]
              },
              "submit" : {
                "passed" : 3,
                "failed" : 7,
                "failedMutations" : [ "submit: drag left by 5px", "submit: drag right by 5px", "submit: drag top by 5px", "submit: drag down by 5px", "submit: increase height by 5px", "submit: decrease height by 5px", "submit: move top edge down by 5px" ]
              },
              "input-4" : {
                "passed" : 0,
                "failed" : 10,
                "failedMutations" : [ "input-4: drag left by 5px", "input-4: drag right by 5px", "input-4: drag top by 5px", "input-4: drag down by 5px", "input-4: increase width by 5px", "input-4: decrease width by 5px", "input-4: increase height by 5px", "input-4: decrease height by 5px", "input-4: move left edge right by 5px", "input-4: move top edge down by 5px" ]
              },
              "labela-1" : {
                "passed" : 0,
                "failed" : 10,
                "failedMutations" : [ "labela-1: drag left by 5px", "labela-1: drag right by 5px", "labela-1: drag top by 5px", "labela-1: drag down by 5px", "labela-1: increase width by 5px", "labela-1: decrease width by 5px", "labela-1: increase height by 5px", "labela-1: decrease height by 5px", "labela-1: move left edge right by 5px", "labela-1: move top edge down by 5px" ]
              },
              "input-1" : {
                "passed" : 0,
                "failed" : 10,
                "failedMutations" : [ "input-1: drag left by 5px", "input-1: drag right by 5px", "input-1: drag top by 5px", "input-1: drag down by 5px", "input-1: increase width by 5px", "input-1: decrease width by 5px", "input-1: increase height by 5px", "input-1: decrease height by 5px", "input-1: move left edge right by 5px", "input-1: move top edge down by 5px" ]
              },
              "labela-2" : {
                "passed" : 0,
                "failed" : 10,
                "failedMutations" : [ "labela-2: drag left by 5px", "labela-2: drag right by 5px", "labela-2: drag top by 5px", "labela-2: drag down by 5px", "labela-2: increase width by 5px", "labela-2: decrease width by 5px", "labela-2: increase height by 5px", "labela-2: decrease height by 5px", "labela-2: move left edge right by 5px", "labela-2: move top edge down by 5px" ]
              },
              "input-2" : {
                "passed" : 0,
                "failed" : 10,
                "failedMutations" : [ "input-2: drag left by 5px", "input-2: drag right by 5px", "input-2: drag top by 5px", "input-2: drag down by 5px", "input-2: increase width by 5px", "input-2: decrease width by 5px", "input-2: increase height by 5px", "input-2: decrease height by 5px", "input-2: move left edge right by 5px", "input-2: move top edge down by 5px" ]
              },
              "labela-3" : {
                "passed" : 0,
                "failed" : 10,
                "failedMutations" : [ "labela-3: drag left by 5px", "labela-3: drag right by 5px", "labela-3: drag top by 5px", "labela-3: drag down by 5px", "labela-3: increase width by 5px", "labela-3: decrease width by 5px", "labela-3: increase height by 5px", "labela-3: decrease height by 5px", "labela-3: move left edge right by 5px", "labela-3: move top edge down by 5px" ]
              },
              "labela-4" : {
                "passed" : 0,
                "failed" : 10,
                "failedMutations" : [ "labela-4: drag left by 5px", "labela-4: drag right by 5px", "labela-4: drag top by 5px", "labela-4: drag down by 5px", "labela-4: increase width by 5px", "labela-4: decrease width by 5px", "labela-4: increase height by 5px", "labela-4: decrease height by 5px", "labela-4: move left edge right by 5px", "labela-4: move top edge down by 5px" ]
              }
            },
            "totalPassed" : 3,
            "totalFailed" : 87,
            "totalMutations" : 90,
            "failedRatio" : 96.66666666666667
          },
          "type" : "mutation"
        } ],
        "time" : 1573653608110,
        "type" : "node"
      } ],
      "time" : 1573653606409,
      "type" : "node"
    } ]
  }
}